30.32434,-33.633247,19.116701,8.490263,-25.404148,12.455848,0.9138131,-30.31988,-18.075363,-12.441168,13.55127,6.507441,-33.451275,5.17484,-19.184177,-22.957458,24.98936,-5.4103394,-19.16045,-10.63035,-38.780663,30.01319,-32.087883,20.469164,1.8399775,21.966152,16.500721,-5.581093,24.01717,16.57005,10.428545,21.964342,-3.7922447,-22.483795,14.497339,28.213818,0.6100707,27.150803,25.24105,-14.148764,-6.8552384,-0.018236756,0.90430754,-10.019553,35.92934,-0.55341244,18.000786,-31.036373,29.467426,-9.65159,22.03414,-1.682553,5.2846346,21.22909,-6.018819,-39.594738,14.751798,-40.38405,-3.0018458,-34.857517,25.95544,10.251623,24.482655,-18.36649,-22.728342,12.588185,46.517082,-4.204749,16.504728,1.1340317,-21.534416,-13.0101185,-9.072431,-10.854639,35.6193,-4.594572,-20.57555,-5.1258607,-37.048943,19.709034,26.769342,16.925516,21.738194,-10.124257,-15.153769,-22.769688,35.45176,16.668858,22.341585,-35.906837,-20.00122,23.852962,-4.420275,-18.204678,35.048637,-22.328327,11.703957,-27.26304,-19.704382,-2.9888344,17.319645,2.3353302,7.214629,-13.425917,11.139849,15.054251,8.77825,35.154472,-1.2076355,8.627668,-12.957103,13.271948,-35.664345,-12.665445,-19.20992,24.216059,23.917318,30.643927,-8.905979,-24.339466,-8.553635,16.517828,5.7944746,-23.152725,26.625462,9.281737,0.8136296,-1.2055042,-11.620837,34.545586,45.229137,14.666301,9.007448,5.5232277,-18.734093,-20.118397,24.43227,-24.210505,31.246933,-21.193726,12.549967,14.812993,13.366911,1.149136,-28.20481,10.780746,-1.6896861,0.14412192,12.482919,-11.473361,22.26418,-18.17786,47.26662,34.34898,-0.5962287,29.616293,-15.633497,-17.848347,15.778956,24.170673,-0.37775394,11.283882,-12.896698,-32.171883,12.58475,20.84498,31.184652,-11.004817,14.146116,32.34152,21.575079,-10.24622,18.532415,-7.3663483,8.801656,-20.604305,34.615273,32.319466,-0.89463603,-28.113382,-3.7222161,29.882883,33.53799,-18.584204,16.633894,4.7449784,-5.8868933,10.051163,11.0223255,-19.929926,-34.073654,-1.7299731,-26.178247,18.420729,25.968664,-7.5119286,4.8323417,8.955212,-35.851307,-12.795956,-33.151066,-19.807756,36.12077,-29.05456,-16.75508,25.694225,-10.074265,27.746265,27.816494,27.14002,16.48075,-41.317192,-12.372631,12.822507,-9.05901,-26.432903,7.701525,-10.920632,4.8163824,4.473365,-29.210474,32.130188,14.86204,-35.452267,23.90929,4.21631,16.625607,-5.760894,-9.454707,-2.2688732,-27.90805,1.1559763,9.990276,14.256262,8.028743,-27.931885,13.002876,5.055672,-9.984212,27.722935,4.4845953,32.14648,27.248758,10.546278,30.304394,9.804224,3.6890209,-31.642002,-25.667688,-31.0414,-31.475515,-34.940693,19.057735,18.19994,4.7736125,-3.2275116
-3.6700566,-41.022854,15.326963,1.4306558,-24.599615,21.867592,32.368317,18.009026,-7.0626726,-19.928722,-2.1846092,15.884621,-47.852123,10.493153,26.493063,39.74926,33.72243,-24.991407,-4.34468,-32.60271,-26.255085,-2.156808,-28.599844,-0.26442185,-7.3940763,-2.3980622,-11.188741,29.170954,-33.931587,1.6119757,21.598522,-2.2343297,25.648563,17.772182,28.49126,-3.5531535,-32.289223,27.804056,-16.268162,4.8090286,-31.384262,17.477716,-15.588739,-8.530935,-5.2815337,11.389331,-1.5162145,-28.379705,5.046439,-22.383505,26.187428,-32.199238,17.948002,34.10273,-36.75906,-16.655552,6.481608,4.1272883,-14.229601,-22.151415,42.99694,-36.408157,12.70008,-39.287373,-2.497006,26.508219,1.1575339,-26.59455,-21.020023,-11.514402,-19.202948,27.605341,-37.379677,22.874506,5.4448433,16.874828,-32.133602,-12.190147,-42.157936,3.905264,21.118874,-9.969529,-4.8051405,-7.704459,-30.68073,-12.146613,-23.339012,38.65843,17.506111,16.615993,-19.025877,23.38709,-6.0646796,15.807406,-4.1367407,24.488287,0.42820272,-1.7582903,-43.001816,17.463137,-30.827957,-23.20476,2.468217,1.3555146,-25.317142,-13.370198,-8.882463,41.687218,-17.073425,-19.180027,-16.409273,-17.348309,-11.859905,-18.270666,-11.395405,-2.9386106,12.401953,2.4895992,-11.39133,-19.929289,-19.350868,-6.704745,20.450779,-23.953775,24.72893,-17.094559,-27.182684,34.4054,-30.846807,6.172113,3.6607423,-8.422022,-26.191156,37.10046,-26.998388,-13.244835,-26.570835,5.0573463,-24.268164,17.322474,19.135914,-8.384493,27.336569,6.481904,36.040142,20.97974,21.743504,-40.9939,-1.2992942,-43.17124,7.217341,6.568582,4.3550406,-3.0853372,27.994884,5.5959244,-27.408672,-16.495148,12.641928,-32.879753,-12.487678,12.999563,26.311493,-3.846129,34.47721,4.2801456,5.9302244,27.00887,30.710705,17.387861,-9.06354,-14.588911,-28.391678,27.786678,20.466787,-12.409388,4.100051,-26.061764,-13.5907545,-51.3438,-26.433594,24.592524,21.256922,20.676868,-12.444378,-7.098179,-22.412899,19.79158,31.40213,24.258953,-29.171198,-3.8970504,-11.029683,29.867767,9.095317,-26.205862,9.385108,-15.552231,-25.685131,10.345788,2.3520176,29.910126,16.191622,10.94277,2.5999732,8.217795,-17.664467,0.49264997,-14.9117155,25.01333,-20.103329,8.968065,-0.78716856,17.239216,0.45684832,15.442418,-5.0138717,25.22915,-16.100573,-6.0834723,-23.516346,-4.134579,2.1151338,-29.163296,27.930607,19.712862,19.047773,22.690855,-28.589718,32.506607,-19.126957,-24.981243,4.705394,-21.246092,26.22608,23.681675,-1.4723352,-20.461868,-45.104977,34.23442,-9.492512,20.9259,-8.730909,26.743195,9.54238,1.8369396,0.6125747,16.267649,1.9007152,-11.999289,-4.973503,-23.712149,-15.404073,11.411272,45.865963,-26.623981
-3.9182343,-9.845994,-27.30422,-20.43618,6.1694145,-4.178779,-1.9604496,24.142773,19.856201,-2.3228536,7.617569,-16.891302,-29.192196,-19.886572,-7.860644,38.49285,29.806173,10.315288,-34.087955,1.7361269,-27.241003,-3.1817088,-28.089329,12.649184,-25.815262,16.196972,-28.147095,12.343113,24.801186,-4.4175544,5.8386126,10.111916,21.611559,2.1198206,16.873564,-4.918177,2.6454866,19.186508,-34.478188,20.378323,-12.767114,-8.549982,8.74127,27.520874,10.814547,-18.182379,-28.248571,-38.176727,28.14294,15.385488,35.089024,26.082127,-24.091715,-8.983522,-24.727741,-3.2559025,-12.857782,-17.79188,-30.28696,-13.250331,-15.807139,-27.887354,-26.849842,21.771622,-6.126293,20.867147,2.2669377,-19.077776,36.778027,7.0812864,-6.077892,15.988683,31.887257,20.215544,-14.794049,22.01073,-26.722178,15.330658,-38.00016,-28.368195,-22.003212,-5.0248823,2.7761512,-15.167994,21.744879,-17.016376,3.7236722,8.722071,26.74617,-31.109674,31.037558,-1.4852049,3.738296,-10.308341,10.312919,12.006506,2.7905724,17.99673,28.224792,-7.8955255,24.690012,-14.6937895,-22.39079,19.490963,17.06186,-10.010661,20.50652,34.494118,-9.572725,9.794016,33.03109,-20.740234,2.7152565,-4.3718476,-0.48815814,8.043056,-3.808602,8.55934,5.0832124,5.459462,18.110735,-16.077541,-13.274931,-7.9131966,30.554485,10.00699,-15.586176,-26.071106,17.206142,13.186457,14.931967,20.312109,20.245699,-27.193003,14.148456,2.7030625,20.229906,-1.9334252,2.8301961,-21.544512,7.185656,5.84911,-29.475582,-23.952234,-27.336391,20.298449,-29.963776,14.4677305,32.85214,-12.518377,-34.55885,-22.213083,-6.797288,-2.3249784,-1.7045774,9.926896,3.4051533,3.9304504,23.977491,18.993114,12.003732,1.1964389,38.20893,13.433751,-21.977959,5.595504,-23.989061,28.252033,14.103589,-23.52432,-23.520868,-14.36396,10.508692,-7.2512193,18.368307,24.483532,-17.566156,-3.7473836,-10.360941,13.563238,8.347139,-4.55751,21.325191,-24.289185,-25.666698,-12.474336,19.41187,-6.694008,-6.8674545,31.41962,9.469023,18.850368,25.774445,34.179356,13.659094,3.107757,3.573606,12.738532,-17.277325,23.967432,-12.840958,-14.055391,-6.4078684,-7.4934363,19.051668,-7.0358076,23.437237,-12.883527,16.401203,29.563208,11.065138,-20.423458,-26.615866,25.338127,-33.149952,22.6867,8.477938,25.830923,20.755161,-13.905264,-26.30719,19.731802,18.084719,11.0322075,-13.37868,-18.87301,-31.92548,-19.135815,-4.934656,-16.504007,22.232721,14.416638,-23.670784,-5.0714874,-27.343134,-24.160233,-35.773296,35.51224,-13.327059,20.152622,-11.889145,-14.1937685,-17.400421,-24.22279,-10.245976,-13.818293,25.161953,-2.9621897,7.7040567,9.147548,0.2073023,5.5295773,-11.3637495,12.115776,-20.779081,-11.037394
-14.30335,-1.1637558,6.5735664,19.890919,-35.87873,9.044897,8.969986,-11.0956,-17.761917,-22.815008,35.866043,7.7200294,-30.840097,28.799221,-29.181696,-4.752913,3.72617,25.445318,-15.248136,-3.3693347,-12.457719,12.912165,-15.428357,29.47731,26.152533,36.32188,-15.126326,18.630157,17.820522,4.0299273,7.560969,11.7014065,-12.436724,9.602988,-1.4527773,3.7944036,12.869705,15.237704,4.765521,17.367659,23.605778,26.756725,23.921951,13.415372,28.166355,-17.89701,-15.581163,7.4260645,-18.502537,-12.005159,10.135547,11.019698,-38.903957,13.168119,-11.664143,-2.9527247,-17.519115,-21.84395,-9.419487,28.755611,14.277079,-17.801693,-1.0233907,-1.5306565,33.374954,-2.613513,27.940876,28.296833,31.949102,-4.725983,-29.561157,-35.579876,2.2652307,16.700184,15.225342,17.0476,7.244962,-24.37073,1.6401018,9.810201,-1.4646254,17.312305,-25.772064,-23.440647,1.9980342,-27.837809,15.429733,-13.537485,32.679314,-25.417372,-2.7212596,-3.4070034,10.534999,26.354992,11.006845,-27.071613,-15.9105015,-11.460774,16.467972,18.876698,-10.841349,-24.122252,-27.884136,-8.853743,41.05163,15.708486,47.27302,-10.368271,5.9691744,-25.52836,19.956038,25.498074,-29.182865,-29.297474,-19.555307,7.4120584,20.293674,7.795367,4.510202,3.353873,-11.014761,30.203579,-30.097622,-15.292425,22.453087,8.131735,22.66949,-5.529767,3.7825234,6.707225,22.463634,-3.7734246,8.064916,-7.2166834,-4.260606,-30.812677,26.051376,-15.978851,17.773434,-12.917644,30.983578,29.467815,-27.266357,-6.490983,-21.105286,32.55992,-12.860339,38.889515,30.797003,5.172728,1.8564632,27.654867,26.478369,16.393135,19.393404,38.023228,-14.672188,18.339388,28.128067,37.32525,26.170467,17.905918,-19.360981,-35.775307,-8.58412,-3.3381443,25.513613,-24.532917,-21.769478,9.141323,-10.953009,1.8777561,-11.712974,21.49594,-19.830975,14.65006,26.031265,3.7431169,-21.538055,-2.0497596,29.011581,22.752386,-9.976461,-29.682728,-17.582638,26.979534,24.247105,-27.974833,13.398758,-13.83074,-18.994688,-21.452854,-22.809717,16.86307,-16.918724,13.221463,27.547962,18.58321,12.875768,16.630404,-20.558931,-3.6230416,5.846766,-14.709592,18.598965,23.866167,-6.870883,-9.780867,32.451363,31.02216,-15.32561,-23.264826,24.208935,-10.212545,-27.940548,-13.672666,-24.016882,-6.778238,31.454565,-6.3652577,-7.7607017,26.615643,-29.52624,-4.0094986,-10.558876,-14.298343,-7.8475466,-18.04471,18.040543,-14.326326,21.670391,-2.6083663,-3.531173,19.48724,-9.646827,-11.73639,-7.5564966,-2.818309,-1.4246011,-19.811007,24.030659,5.78875,11.669863,-0.83557165,-22.750864,-13.792618,9.214374,-11.2246065,-24.731033,4.3993826,-4.4508963,5.3063087,22.915512,21.240042,-13.716929,-3.0042477
0.5528077,26.664667,-13.302053,26.099766,20.337965,-9.466511,-3.1703584,4.6307225,-34.31418,9.164793,30.641216,-28.65474,-12.685633,-30.333889,-4.53771,17.65089,5.5435534,23.500055,-3.168642,-34.950584,-5.10925,-18.767115,24.900974,7.1468096,24.680315,-35.55238,15.847644,-4.9377356,-8.717982,-18.148928,13.453058,-17.574358,-22.252949,12.664073,-19.711788,-36.85987,18.631826,20.133465,-13.489743,15.537913,-17.086264,18.250805,-11.987489,12.33429,-3.2715468,22.810244,4.8146887,-6.4012337,22.00558,-14.273992,37.19973,23.101984,16.903492,-20.283844,6.48975,5.652415,10.618426,3.578919,-1.9723326,25.276741,14.715098,-24.99662,-25.193928,4.231654,18.278948,-28.027826,41.36559,19.200705,-10.401552,-15.532445,-28.524149,-7.764946,-0.6075518,1.8825436,4.969001,-19.535824,-24.559237,20.131,41.751472,25.593042,39.058857,1.0434381,-1.1524737,-21.539072,0.11898766,0.27866024,-11.528559,13.071028,-3.4565673,-17.638988,-13.921385,22.790821,19.063404,25.83696,9.206139,34.264168,-17.058735,-3.0087569,-6.9173446,-12.83959,22.960875,-38.968163,-2.1421645,28.432972,7.8985925,16.88729,19.691788,3.9024029,-8.965949,9.095941,22.733927,-16.228638,-39.05696,-22.296017,-7.750983,-22.028784,-30.353924,3.4987354,-6.7912607,-9.959174,14.799765,34.464283,-2.983634,22.796442,-15.204043,18.930256,15.642072,-18.773499,41.17779,-4.717158,16.23777,-32.267097,1.2380092,11.524448,37.567833,-8.032955,-16.63009,-3.3110657,-4.695154,-33.42122,-24.723389,-28.892233,-28.287115,17.704649,-18.531841,-18.075771,-11.351171,26.670208,9.68628,0.30147058,-28.480408,28.914118,-1.6112325,-38.471073,-11.22118,-6.7048097,22.892021,16.888163,15.376953,3.4321365,-31.385311,-9.302881,-15.869006,17.02598,-19.008196,-31.315863,34.89006,10.155225,-33.38442,14.712415,-18.227383,27.300304,-29.863571,21.135569,-25.00946,23.701557,-11.660655,-32.90545,5.3199396,-6.4529543,-3.1457305,25.029808,-19.189392,5.9807205,5.5011873,-10.548911,9.225501,-9.830015,15.473207,-2.3182619,9.467676,-3.7313945,9.818156,10.614888,18.696262,-2.2174525,3.9239001,-26.531082,-9.921152,8.078877,-33.068523,2.5322883,-8.579912,17.836575,45.184383,-12.054933,-11.715817,-3.317012,8.472847,1.9713318,-11.140725,-18.13947,-20.922867,-34.06115,-7.6934943,20.45287,-32.50916,22.748795,2.3999877,28.75088,18.356106,-17.908218,-25.003614,24.074318,23.043583,25.113733,-30.014233,15.677701,-18.191317,-14.3631315,-2.30289,-10.78669,17.546968,36.940407,28.882862,-26.06818,20.286444,35.26286,39.812065,11.640856,-35.25414,-8.20332,-26.35057,-35.886616,-6.0714316,16.29777,3.1019335,23.837559,-7.7266054,-32.43632,-9.243644,11.31901,-19.64538,25.470594,0.76726335,-23.540852
0.26836476,34.112316,5.267623,27.067785,15.456213,-7.0277658,24.77076,3.3438354,9.207811,17.848875,34.053677,-19.225546,4.491971,-17.995384,15.825131,24.367924,15.704806,-3.8627858,-37.889908,-32.082638,27.211573,-38.59958,13.579036,-21.639154,-9.393988,-28.641418,-15.513618,-5.626819,1.770858,-29.072605,24.864471,26.246555,21.555601,-21.594837,-38.43489,-37.414116,-21.238863,-14.604007,-5.294364,49.78605,6.334477,27.413162,18.26892,10.765637,-8.554823,1.723581,15.755266,-6.136168,26.466385,25.81335,9.8305235,-12.011454,5.0395823,-42.25596,7.163943,-29.452503,28.839092,-13.401827,7.6251435,-10.230623,-8.239169,-6.697038,-7.0767517,-27.00632,-12.373876,4.601217,14.307541,36.747147,20.657362,28.207981,-18.073345,-5.0965815,-11.428418,-1.1118519,37.315483,1.1604353,-27.18905,5.987683,6.187848,9.644514,-2.6515288,17.056131,20.12178,33.007286,12.18313,-14.420741,5.9679465,19.930782,-11.096155,-23.178114,-4.526973,19.297985,-15.857089,2.0333521,31.05009,14.007213,9.81101,-16.90012,22.274582,-35.17027,44.374672,-12.499129,34.466835,16.936085,-22.96103,25.656132,-12.612841,-3.4963577,26.142115,15.742099,6.805644,-29.131054,5.506194,5.897675,26.879166,-33.04638,-3.2220721,46.838474,14.63312,24.667799,14.443747,4.725897,-2.236361,2.9465158,15.067142,36.343742,26.446594,-21.784258,39.361633,-24.773846,-21.229733,10.97742,20.546665,-26.748102,22.763346,-10.145531,-4.1606417,-11.892687,-42.362854,5.9396257,-33.086254,-8.629126,-18.45892,-14.026235,18.421356,-10.707918,-36.631485,-3.434964,17.135487,-4.9794207,-25.646938,9.826278,10.062059,-27.434347,-27.098362,-21.453533,23.98564,27.994608,9.22181,-10.951429,-10.667685,-42.99018,10.436617,41.482296,-11.801805,12.7794,21.311012,35.166,-4.8181686,14.964337,12.020307,18.019342,5.126708,-10.122893,-15.121884,2.4375134,-39.37582,-11.804995,11.353094,1.7843632,34.41586,6.01011,-16.83266,8.581694,18.58886,2.8771448,-23.372953,-25.596563,-2.099109,-29.487513,8.21784,5.505733,10.257988,-19.44601,12.120972,25.771564,19.547834,-1.6224174,36.67376,-22.624546,-10.996595,-34.4487,-41.94697,-26.485474,25.990887,-9.80163,30.75091,-29.95911,12.471393,-2.4748654,1.4773364,-12.0667515,-35.614388,-7.2848206,14.54373,10.430784,-11.318842,43.84968,-14.203107,37.571632,8.332617,-51.351036,16.052755,-11.095422,9.095831,2.1709592,-18.501348,15.321547,3.3459,-49.753723,-10.367798,34.118984,-13.376439,7.758448,1.7701769,-16.904282,24.984625,19.11396,9.031362,19.350428,-11.225142,-11.9044285,9.1570015,-39.428402,-15.744314,-5.894574,39.224495,-12.210975,-37.98312,-18.306858,27.119345,-14.215126,14.251204,31.790482,10.063188,12.353202
-2.6087663,-14.610756,9.47756,24.084332,18.116894,-28.90629,-3.197718,-23.355648,15.118429,-13.845752,-22.750618,21.055592,11.682903,-13.318932,-16.09223,-17.162462,-23.280457,-33.457012,22.384869,19.876879,18.958601,6.540811,-17.421436,34.74461,13.707868,6.8062086,19.932413,-17.700825,8.131218,-2.908896,-18.494648,14.756917,-44.183083,7.1763434,-3.9334016,28.498652,3.3885574,-31.032787,22.92539,18.579033,-14.529085,26.841145,0.38620502,-19.642113,-11.096489,0.80995977,2.822916,-3.7529416,-10.653826,21.311632,-28.046747,-8.095417,-28.199924,-21.677721,42.517563,-16.113667,-9.59592,-16.029812,-16.207315,-4.5307674,-1.3616312,9.292362,14.798193,-5.6833673,8.709983,13.5137,-2.1305919,9.624359,-16.75262,23.460873,19.057383,0.16171023,-18.487217,-29.588764,-10.996086,19.330212,29.40972,2.9684997,10.674893,4.296172,5.206532,18.204935,20.23337,7.6048746,7.3794136,6.789159,-8.539874,-9.631931,13.828642,42.722076,-18.559278,10.214147,-31.258255,-3.7321136,-13.861612,-14.015325,20.18697,5.1640215,12.988478,-2.504582,9.328327,18.796377,-23.915863,-17.228382,-5.0808444,7.5308557,-0.41504127,35.983208,-5.3961964,-15.346611,-5.547836,-19.51383,-18.320234,26.429026,26.066793,11.069349,12.842054,29.639576,-13.817136,4.2336097,-17.733486,-20.624317,27.30077,10.267774,-8.618941,11.781851,-7.744722,2.179197,-7.5103264,31.78181,10.194203,19.863064,2.9470325,-25.067158,-13.200017,6.942729,37.111946,-1.0330682,-2.353438,27.632711,-10.029045,4.5692053,19.6961,-8.24164,-18.16161,15.235471,22.902782,-21.454021,17.292547,26.545355,9.149813,-10.71914,-3.8167815,18.292109,-31.581766,5.064448,14.594266,-25.75686,-21.548506,16.792551,-28.671497,-3.1853302,-9.538202,-19.79855,-10.741331,1.0434616,9.635791,13.666883,-23.10266,-1.9965674,10.377542,-2.9369457,24.1307,-2.1051712,22.362385,-26.81142,17.717205,30.863636,5.3219266,3.2516372,-20.231846,-6.088507,15.188833,19.108368,-4.3510017,29.501379,-18.057226,26.121052,-4.5327406,-7.5422006,-27.329584,38.329933,-29.753733,-21.615614,-32.099266,-8.295094,24.493364,33.57705,7.715487,26.141285,20.117458,0.62817544,-4.5754423,-7.4518175,-23.29184,14.433136,-0.45226187,27.170055,-10.632097,-14.994121,26.07699,2.9942417,1.4872983,24.987179,30.72308,-14.333853,34.197826,-21.386017,17.31693,30.624432,-21.903873,22.154818,27.22107,-15.234322,11.436278,-26.216757,41.31929,-2.7361631,-19.62199,0.99138147,17.308102,14.182345,-24.44892,6.394063,-36.9601,-21.201092,10.033579,-5.5608697,18.512234,7.0785804,22.879139,33.130714,26.600119,-2.321097,11.372123,-7.436422,19.903095,-28.220144,10.214942,8.944064,-0.29564905,-20.191967,31.778763,-29.368692,-31.919346,35.271397
-23.09416,2.3697417,25.847607,-2.4388306,16.158155,19.062551,33.281612,-5.6401663,20.497839,-30.62531,3.986826,10.577673,9.742985,13.268,20.30698,18.683367,-23.75948,-9.042818,-17.052267,11.376121,40.87448,-32.949646,10.52411,-32.75758,35.52137,30.646301,14.656908,27.961054,-3.97187,-20.766516,-5.997371,6.9233384,1.2095144,-20.185131,-10.233904,5.1449165,-18.170338,-29.613718,-32.200413,17.393047,24.57552,-13.833666,16.089323,-27.280954,-25.108631,0.9210987,-1.7157602,27.786585,-16.171957,2.9482634,-16.354427,-30.872585,-9.032717,8.99122,31.434362,16.11313,19.431242,6.767134,17.658133,9.939195,33.825253,14.72659,35.319427,-17.69897,29.37045,-12.264353,-13.288717,6.2067003,21.28644,-24.030895,-2.238187,-4.2879124,-33.26635,7.5411196,-6.8846564,-19.634089,-15.794324,-39.600883,-0.08708414,28.711899,-26.013071,15.838643,9.882996,0.42046198,-23.12888,8.766413,4.736238,-6.3243,7.7989783,14.5562,28.565536,10.394319,-18.295105,-7.8746085,-22.2244,-16.013569,-5.7517014,22.928486,-21.28732,8.098499,-35.012264,-6.2706976,11.269537,-18.451641,-8.794731,21.576555,-0.6266044,-27.08814,25.113577,-20.111313,-37.256943,-20.933992,30.18896,21.02424,9.918608,-29.37122,-25.219799,-4.556539,17.044073,-19.520916,-0.16672191,-18.078957,-23.703695,19.468689,-20.983883,15.438133,-7.4725738,33.049927,3.0357523,-25.954159,-25.879177,-18.549267,29.93932,17.634333,-16.661924,8.169157,-10.157914,16.878965,-19.182135,7.4067483,9.430433,28.887049,27.412912,-15.153633,39.221565,5.1728296,10.09595,18.764744,-8.345481,-23.406788,-16.62962,7.0971313,-11.085975,-14.171518,8.433259,-24.582619,-20.143734,23.953201,-17.533209,-21.547905,-12.307758,-31.152527,11.791628,26.389587,27.730005,-13.271167,-14.293834,-20.45004,-3.0308747,-0.50978476,-13.19765,4.3449855,-27.527386,-10.686972,-22.15466,1.8769394,-25.950638,-22.090714,14.656395,-23.831968,19.56046,-9.716478,-19.16649,26.682165,18.960567,-18.836885,10.8265,12.629548,15.318407,-24.94269,27.56511,-2.2667449,3.5550563,-18.54317,-3.417981,0.058930278,28.73049,9.603987,25.717886,6.782748,-7.8828025,2.0928848,-7.659148,25.871908,11.663325,-31.583012,6.90632,-29.018911,-25.396265,-8.839231,-20.085127,24.797665,-12.482139,-20.627396,-12.128019,21.286633,0.88928235,22.093496,-2.845576,18.481709,14.238858,-10.028139,-11.843179,19.650219,-6.704901,-24.135275,-1.5257375,27.940063,38.039883,22.78774,-23.323467,-9.423093,11.141791,9.677828,3.3937907,30.66713,17.32619,-29.605778,-13.806129,-23.765095,23.039013,-12.348477,2.537479,0.8603903,-31.410675,-23.273678,-9.751268,25.035816,-26.350836,1.7867756,-5.8784356,-9.656014,5.84342,-20.804667,24.53861,3.5702434
-5.059137,9.724546,0.57692224,15.624573,-30.490887,-26.935467,4.0003257,0.8427316,-23.291782,-23.367516,23.523354,25.275894,29.817535,21.977526,20.790943,-0.8109587,27.665035,-11.374319,13.469023,16.97055,-7.376509,-0.39642817,-17.57184,-29.257553,-26.768894,-44.637672,5.1819363,1.7100861,-30.600714,-49.46569,29.891972,38.090046,1.0225182,-3.9944215,32.55286,-6.817253,13.110809,-19.252346,38.66473,-1.2358052,-42.22356,-9.582816,25.935144,19.642218,35.14881,32.964268,-2.0897002,-18.0004,-8.638645,-8.718613,-27.820004,-4.47706,4.7823052,-25.123648,7.48172,-7.6810427,-6.510405,-10.290766,-29.37939,-0.31707525,24.32529,-19.532219,-18.091602,-10.752488,1.915209,35.325294,-1.601969,-34.09295,-21.728933,-22.66045,-2.371729,9.748655,-10.251043,18.733511,-41.63799,11.578676,-7.2789583,-8.541718,10.023484,-34.26631,-25.607227,-39.953423,-21.98895,15.291186,39.967674,-35.90107,-6.013763,-15.18622,-37.719795,3.0698206,-29.76912,-32.127686,22.69209,26.43037,-10.540587,-10.309828,-19.814615,-45.667747,25.044834,-40.447826,5.7182016,15.995987,-25.155111,31.767223,22.977316,10.37594,19.058727,-21.31332,-17.219162,-27.446636,-13.624835,9.799545,18.901007,-9.122453,-20.657103,-19.181984,39.12288,-22.860537,-30.406927,24.224049,-9.822007,-35.916405,8.339406,-19.96629,22.054852,-36.066063,-14.376536,17.019123,8.273216,19.909288,-4.35626,24.222485,-24.801971,9.151503,12.759416,-25.405628,0.5372616,-21.712473,-6.61172,23.651426,22.75314,-21.179497,-6.80631,15.51338,11.511774,42.051735,-3.917338,21.66019,-16.60604,8.204054,-23.475538,-34.15512,-30.36788,-23.690914,18.961857,-27.029398,53.566753,-25.902735,21.43361,-0.99775803,35.829296,22.844324,8.538575,-26.190426,4.089057,-23.961557,-24.411963,18.22432,9.901031,-28.655975,-30.508265,-32.100002,-20.27978,26.786972,-3.8467536,11.250469,-36.48066,-18.59779,-6.898876,31.40389,-46.023705,-10.230647,-14.706968,-27.63255,-7.462077,-9.077392,-12.7702,4.836329,-0.45307034,9.5742855,14.1465225,-12.161218,20.783169,27.203716,-11.12797,13.822413,-12.462421,30.180704,25.01939,17.721989,-4.164848,14.293164,0.5923026,9.142299,-6.61549,20.333982,-37.991726,-27.547388,-5.2482686,-7.4587693,17.059874,-5.1257935,10.784796,24.909586,18.791855,-25.444351,-19.373163,-11.822947,-23.75904,-0.3030867,-23.584312,16.719591,24.957802,-15.613075,-19.451168,20.782732,38.11854,-6.4706635,-30.250576,-27.837149,-15.290596,39.70228,-55.607708,-2.8592944,-15.405818,-11.112436,-23.902718,-3.95437,-9.621904,-4.2462206,13.968303,-1.7748308,-21.417444,-8.539763,-20.079006,15.75666,18.193027,29.642136,25.026384,35.272278,43.059998,6.022828,15.948746,-37.91343,9.378581,17.325674
33.34086,45.44625,-47.741436,3.5820568,-26.20162,-12.252964,-43.289642,27.767685,-5.435329,28.557547,-2.928009,13.511671,14.992564,25.45055,47.684963,-23.96942,-19.29038,-12.367553,20.946085,5.390461,-26.537766,37.134502,4.1812544,-15.681208,-31.842419,-5.7696295,-23.099083,-32.176903,17.533192,29.109985,-9.0244255,7.3740554,5.82844,-20.5116,35.217487,24.152134,28.432339,-6.259387,-13.04804,-23.655119,-6.8379946,-45.269924,-9.868725,28.393606,40.146107,-7.329408,-29.68666,6.4297614,21.086353,-29.581964,-4.9763446,36.869118,23.57452,-32.179325,-15.51091,-6.2341847,-28.157776,22.995047,-25.29421,-11.931224,-20.991945,15.388806,-51.773285,4.804713,-40.0859,-18.59853,7.921084,6.310997,-24.512592,-2.656774,6.033775,-26.26173,38.226734,28.382702,25.802937,33.466873,-9.367863,30.541235,-33.88916,-47.64284,-25.232128,-31.042233,6.2804613,21.687515,-21.006699,10.382719,6.3777246,-7.038678,-39.16712,-0.6839885,22.29498,-20.494905,33.385883,-4.333993,18.40247,19.07654,-11.569407,-25.603237,38.849693,-12.737574,10.078979,28.168583,-35.844414,39.594902,29.719828,-37.21425,6.047208,-11.409128,-15.351206,48.06373,33.96878,17.105267,20.195597,-38.61752,-4.868578,32.20892,-17.995722,-16.988813,-18.4641,28.610596,15.58638,29.783234,35.12812,-8.13698,28.63383,-23.010363,-7.6411567,-34.652046,-4.0148,21.528362,-44.585182,27.871561,-12.5994,-21.028316,41.94277,-8.154862,3.209908,11.328318,8.589375,18.624205,0.04813038,-37.92682,-3.8971589,32.22484,8.040502,-12.557928,-17.492426,-8.759121,-21.65221,30.69939,6.11441,-23.229656,-12.753924,-30.443213,-2.89252,18.904173,24.522146,21.475452,8.111959,36.74366,32.26013,40.55677,24.253824,-28.009045,-45.973873,-8.104704,5.0067406,36.433495,31.26319,26.617655,26.542023,1.5832522,28.460571,10.530849,32.796654,-3.6261837,6.2623186,9.452284,-11.290038,13.04497,-15.920786,-25.652811,-1.6977799,-47.645744,-10.332805,-36.058216,-37.223877,13.7163515,-38.304695,19.852337,33.58562,-19.619976,18.072002,-20.518457,1.8695856,-21.727375,-30.778788,-29.9083,4.3028574,-46.650997,41.859436,14.169685,-17.207228,-11.007369,-15.974081,35.319267,25.14796,21.96168,-8.932051,16.687412,38.165043,-14.805643,-16.069143,18.215242,10.858445,-27.204708,20.608273,-21.567005,8.824057,-26.517834,26.316738,2.7176585,-15.912798,-18.406454,27.91154,9.151828,-20.726704,-26.415491,-21.49465,7.0906553,26.78812,18.265722,-9.662816,2.8678088,8.285463,12.138863,13.788442,-37.723507,27.951792,-35.60105,-19.892536,-29.825796,-10.117302,17.41854,40.862198,33.2535,-8.265807,-5.6326113,28.36023,-1.5956732,-1.823274,29.11286,-16.26154,5.850774,-26.027563,-4.7216144
23.415195,4.572272,13.749545,-31.228088,17.07465,36.07007,18.101566,-29.948147,11.090005,8.203129,14.270409,-36.36641,12.22941,-12.417574,-7.077268,-4.033183,12.908392,8.903014,-34.856087,-9.093139,10.18041,20.048803,8.501793,-5.5002527,2.347899,-14.237638,-21.279465,-17.011349,0.71517915,-13.660756,5.537554,-23.296867,-12.927007,-29.132864,-39.156948,13.26285,-21.549225,-17.000385,2.002514,-1.4572623,-17.500113,-3.8333397,-29.429317,-0.63810897,-0.036175847,-37.02276,-8.545377,-1.408037,-8.213991,-31.460155,-15.706123,-9.343115,13.462839,41.251972,-22.48187,18.566097,11.668554,-29.682652,41.973217,24.021515,-13.58745,12.690614,19.414564,30.129528,-29.895899,3.798793,-19.095024,16.365255,17.902203,37.107452,35.819275,-6.949488,4.509736,25.27786,27.175976,-22.933125,41.226032,12.835246,10.785444,13.612361,1.3325211,9.950064,6.404166,16.154175,-11.948703,6.850816,-7.4005027,7.1938148,10.447526,-25.021206,22.39973,-22.137417,-17.146502,-21.824558,-19.479746,-13.456754,-26.613668,-4.7815075,2.7448883,28.070557,16.434734,7.044694,20.901257,-37.25459,28.917171,-22.19685,-12.343969,-35.94813,1.8944256,0.2788655,17.486115,26.640087,6.1023564,7.301301,6.1492796,23.47013,-8.971119,2.4325712,34.410557,-27.709799,3.9953907,29.388407,-26.699041,-37.114113,-12.4158125,-30.989862,20.307133,3.8582184,-10.656356,4.9323864,-33.604877,7.3519974,-23.314993,8.094167,13.689226,12.93997,-33.18126,-5.6137133,-5.0338044,-7.410328,10.95735,19.509327,-4.2330866,-29.792011,-25.759583,-33.1577,-28.151623,8.605208,-37.478798,-11.101672,17.52962,-18.993156,17.844425,-0.45532125,24.029312,9.745606,-16.166494,-22.429354,-17.354214,-21.029013,0.88288486,18.312136,-31.066944,16.053003,7.838568,1.7824202,-17.51852,-17.30427,27.903788,-1.9576352,21.047588,32.28553,-4.7318954,-10.081842,5.3638277,-30.31365,25.059374,5.0304375,-39.196068,28.947943,38.140614,1.3072224,4.1654615,-34.084366,-28.17455,-15.575099,13.270459,-39.32119,3.2488084,17.566425,-32.741917,-41.58515,-11.616232,0.23275416,-5.1462607,-5.7064776,-28.159876,-31.937271,-30.731976,-17.153461,-10.667531,3.738472,13.616907,1.380116,-11.598547,-4.2904816,0.033278115,-35.438023,22.34165,-30.580557,-32.8079,12.901171,13.769948,-7.955635,11.061518,7.5635195,-15.800337,-18.509853,38.117725,-18.039549,-20.463812,-12.21258,-24.491737,16.34396,-38.33453,-27.88244,-2.8292527,20.009792,15.185132,-4.0180683,-15.377057,9.847853,14.848559,19.176476,-16.025913,6.2389326,-26.565954,42.57895,-18.206156,0.7707044,-15.445442,-14.502963,21.655931,20.341885,-12.274305,-24.820919,-24.665956,13.171892,-26.053564,16.28135,7.385218,-13.170555,23.828644,5.5175896,0.17921972,9.073552
4.285475,-25.920874,23.457062,28.31683,-2.7670436,-34.602318,12.140523,-15.247188,20.89121,34.06833,-16.001364,23.485783,11.116348,15.24601,-16.356113,-18.029919,1.7283379,-10.530306,-5.9041986,17.43813,29.489252,-1.6909847,-22.891735,2.798207,28.44682,22.00971,8.490581,15.765366,-34.3966,16.18009,-10.735647,23.85965,27.611639,14.006406,18.107012,15.24716,15.176923,-21.454576,21.879309,15.565033,0.65508795,-19.351524,28.518335,-13.779541,-10.271012,-17.548395,34.272358,16.494358,-32.64624,11.587997,-10.081463,-7.6180663,-30.141989,-4.530037,-15.121425,-26.11375,19.625658,15.506053,25.928751,-31.09876,-21.88879,12.914891,-5.071197,5.7454767,28.868195,21.518286,-26.002869,19.287525,-0.26583445,23.400341,26.997196,30.252213,3.6847243,-18.947319,-4.520068,0.17844558,22.3299,-36.85915,20.095512,-30.859869,34.079258,-23.147211,10.248442,24.030771,15.911545,-32.11484,21.699844,-24.058859,-6.386729,3.105,-34.578636,-37.061485,-11.623541,-9.093428,12.200228,-3.1499906,33.50222,-15.332649,-2.0706658,-30.156422,-14.809753,19.57573,27.159184,-24.339634,-30.356236,25.667969,-11.861692,-17.005463,-10.47936,13.946192,-23.859472,-2.8262305,11.4988165,19.805004,-0.17283493,8.157267,28.555218,17.541565,-30.097256,33.143047,0.47749838,-31.08877,2.2751498,-35.451214,0.5793349,-1.4730177,27.257725,-0.7018646,-25.085552,-14.602292,-27.432867,23.581312,9.33322,-3.6157658,-37.978268,-3.9064133,28.328924,-32.68537,0.44730228,16.309443,-26.94194,19.73553,-40.19967,7.169774,28.87302,-1.0669949,-6.1429195,-34.88903,-30.262033,4.712508,18.180767,-22.24839,2.4378815,32.06227,26.77122,4.296245,-33.813053,-13.53125,25.84821,-31.94743,20.994442,-7.7859893,6.1036196,-8.810927,27.5996,31.296509,-22.372328,-7.043387,-25.571709,-28.766079,6.269736,-30.225788,9.224504,-17.735811,-0.44748998,-42.2732,-4.8375673,9.522205,11.677085,-25.336128,-1.694771,27.41186,-37.739273,-1.4798797,9.654528,22.303534,-19.862461,-23.006077,-18.878893,-8.988035,4.6547065,14.780985,7.510028,-20.44328,1.6005958,21.619057,27.512043,29.868988,8.612906,-13.273605,20.341265,-26.814865,-41.59263,-13.316142,-22.908882,-2.0389943,4.924562,0.4814083,18.256113,7.8961244,-13.964086,4.371275,22.593204,6.4804473,-10.640437,-19.057098,14.61321,23.209818,-8.914419,1.2364082,-4.553196,32.85719,20.94248,-20.078543,-34.961952,15.742426,-0.41928545,-25.804958,7.3753295,-25.601511,23.760998,-17.301054,-8.099157,-25.723934,-25.084923,22.659828,26.28185,-36.454468,-31.474497,12.398191,26.261877,28.107798,15.866579,11.965345,10.660315,-37.44608,28.942642,35.711998,4.4807997,-13.779175,23.37646,5.2274547,17.139008,0.29216462,12.568701,30.461353
-14.210859,15.089742,23.195484,5.2608304,-7.2314262,-22.823412,-10.6509075,16.022388,16.08956,26.392096,-25.983837,9.747678,42.420906,-13.1425,-2.8945136,-7.0177336,22.076353,40.227238,4.7903748,-31.526249,-15.653704,-8.736132,2.1118038,21.51334,-6.023969,-28.718853,-14.606733,37.117928,-25.689075,8.034427,9.442643,-11.686534,-9.1180725,3.975737,8.135806,-35.655434,7.88968,-6.0884066,24.738129,-44.971214,9.235651,-12.078929,22.654732,31.563847,3.175517,27.823887,31.399225,20.891857,-13.473824,16.909756,-39.986397,20.070642,20.80017,9.734797,-6.3405795,7.8168707,25.741644,11.018914,34.576004,14.27117,0.9091619,0.24187465,-1.3140813,-27.891943,11.564759,-25.355597,-23.968807,-34.4389,-22.139942,-24.341179,-17.131443,31.08228,14.817525,-5.9333267,-19.54939,-38.482483,34.174553,-24.057405,-3.6582668,-1.1414158,-2.2493703,3.1130247,-31.80961,-19.609425,-11.45378,8.950933,-23.775387,20.75475,-8.81194,16.912846,1.718997,-31.972555,-17.971,25.424664,7.3141184,-0.36161825,9.227644,-20.295498,-28.041452,17.305431,-20.913588,33.620216,28.017868,14.44512,-6.444772,14.310053,-19.675655,-15.492546,18.350412,-16.934097,-34.799065,40.00709,-16.16085,18.829405,4.86918,-21.874102,19.350197,-38.138252,29.48022,21.680714,-40.50945,-27.647808,-5.5991144,14.654048,-26.969477,-42.404564,21.133114,6.795569,-18.773516,-38.52242,19.075747,-33.4996,-36.72956,30.39623,-25.148973,-33.53206,-28.062265,-0.010084188,11.883539,30.586096,6.265031,-7.537636,16.538696,24.825302,13.667079,-31.505026,37.14414,25.78594,-25.260345,28.72381,19.193287,19.61076,12.576802,29.29906,6.9824896,19.128624,7.0201254,-10.191668,2.495816,-21.253124,34.80677,5.2739487,-25.514606,6.9875307,1.2082951,31.153315,3.7147107,-31.051615,20.66067,-7.9027166,-16.259962,-0.8644029,-2.0191617,-11.095872,-39.195717,26.886051,-1.38741,-5.672379,1.1676701,22.946775,-6.8253393,12.29996,-23.720524,5.3558946,32.07151,17.859041,25.636608,11.971438,-16.778877,-21.83725,12.629007,-37.224876,35.12566,23.160194,38.02364,29.045712,-3.7238164,-20.988981,5.6991053,-18.26007,15.826306,17.086018,-14.493319,-22.123653,-31.547497,1.495121,-27.343113,23.723692,-1.5729048,2.4170365,9.434254,-6.6878004,28.518398,23.971516,-22.652737,-27.691196,-22.457073,-34.74014,-17.631437,6.980256,9.629274,1.0306542,13.426697,-14.916387,8.14445,12.131914,21.66993,-25.073608,-6.268756,5.3787775,18.095081,-25.697727,0.65360403,-7.213524,30.176935,-21.400036,9.396681,-8.533744,9.910532,-20.383415,38.327065,9.5005865,-22.776466,34.349133,-28.784496,19.474438,-43.982964,-1.0074242,38.005226,-5.786936,18.890766,-19.86288,7.200942,6.6028876,28.790955,8.992644
6.3097124,-1.9777079,-7.944876,-22.498394,-3.0065014,14.449888,15.718249,-28.234385,8.016034,-21.657955,-8.050578,28.886074,5.842322,-19.603355,-21.301126,25.42268,19.660898,22.057858,-7.064599,-31.35757,1.6499647,17.43098,-6.912608,34.181442,15.085379,23.434544,0.6053997,6.313445,24.344803,-7.4138327,-26.12211,26.251896,5.5318027,34.170345,-34.87284,19.960978,7.635848,6.778815,-24.127264,4.754931,-19.256327,32.845875,-13.088051,-12.01613,22.754936,10.749631,-26.685394,-15.292124,22.454605,-0.9908559,-21.08609,3.3509192,-17.957823,24.419619,-8.246937,18.611986,-28.812466,-29.815792,-25.538216,12.7197895,15.820471,-12.619928,25.17641,6.322448,14.685573,2.5127256,14.119436,-13.528845,24.123756,43.32435,-22.979523,22.108042,-13.697626,-16.304653,-1.0858437,15.621855,20.928596,1.9741757,-21.007607,11.295277,-22.367947,21.80878,8.915258,-37.40529,0.49991322,-2.4367106,11.093355,-14.7612505,30.603378,-16.960373,13.0118,29.547922,-26.831503,3.372279,-18.32426,17.633163,-19.269566,11.374378,-3.745874,32.988594,-26.465557,3.325663,-3.2157478,-25.526388,-0.91571486,-17.87482,36.294403,6.580026,-19.936142,-5.1623836,23.958218,-0.8756213,2.6959727,8.016703,-19.30318,-26.58233,-4.093159,7.126088,1.7567165,-18.835573,19.6026,11.185039,7.9413095,-4.9182105,-13.671659,-3.4722679,-6.3709955,-2.6624959,25.797476,-33.4457,-12.579142,-3.781536,-6.952771,-19.80743,27.254328,-20.597681,-11.49777,23.835085,14.44505,11.566164,4.2704306,29.846424,15.010397,5.5980926,-6.9050455,-24.640814,9.623942,13.187767,32.342648,26.464954,18.296423,23.851862,21.9465,4.64893,17.85206,15.782667,-34.342476,-26.594183,-9.422762,15.317497,-23.374924,-4.5990777,10.768022,17.07217,-25.77512,6.3389273,16.771425,-12.243333,-5.5402093,-8.171728,-21.390385,-19.35771,1.3539505,18.741335,12.4398775,22.015816,31.830242,2.281895,-15.180112,-18.582813,28.24172,-16.627151,18.449883,4.5400767,-15.147886,23.494389,-21.311676,5.521508,30.143652,20.688173,-25.192127,-14.8033495,-11.542318,-1.9984996,4.718362,-20.872225,18.347813,-18.007584,-23.17057,22.815529,6.3691726,31.202923,3.945805,3.7947452,21.397455,16.560621,24.048494,2.5198147,18.279432,28.788158,12.153462,-0.25414506,-17.805656,21.415005,4.663559,23.007051,26.41817,-25.141924,25.697083,-16.443485,-5.621036,3.990001,0.16303924,-0.8805888,-14.063581,-31.572922,12.497472,25.435951,25.429432,5.216977,29.827164,-30.111658,14.87901,-28.594456,-29.189463,0.04261198,-1.3323576,18.689968,-6.0517564,-24.840405,-6.9821153,31.403605,-17.85534,-13.356542,-11.660595,11.334404,-13.139442,-25.691046,-27.078167,16.739498,-25.748905,-14.056082,18.266354,-19.151558,-18.134659,1.312352
-38.81617,0.7278007,9.429567,14.344391,14.959684,-7.482881,-20.299126,-4.151063,32.251396,-5.7621727,1.6639429,-17.722559,11.998675,23.610868,13.834585,25.571276,-37.54308,-30.500952,4.4332786,24.325043,-20.185837,-5.155537,-26.751059,25.89974,-16.623096,17.384985,-33.87965,-18.004711,34.470596,39.252556,33.03567,-29.41355,-40.46436,-11.157345,-21.145187,10.747986,-16.442081,-28.940807,-15.741396,-5.0350204,0.89311904,-17.531525,19.174047,31.53179,-15.795476,-31.436544,-26.10101,31.591578,-27.708567,18.30979,-16.944378,-1.7034626,20.846996,6.8297195,-8.949873,23.80112,-15.053438,37.45808,-5.329365,11.62747,7.0843763,-31.78748,-11.062656,-13.072123,-17.557446,-3.427374,-17.13559,17.697392,-36.49129,-20.811535,9.986666,-26.269903,-5.4650126,26.227655,-4.3060336,20.644644,23.176083,-21.385616,-9.478338,7.0400057,-18.047184,40.250023,-26.875723,-10.047606,-25.16358,45.560295,-45.10335,42.392982,-21.400082,25.554516,30.099468,-23.207253,-2.637935,23.71425,21.588215,-36.39516,37.543663,15.053279,9.769337,30.706455,-8.713909,-5.2189093,-23.89001,15.88161,18.929794,-15.2266445,9.569046,27.722748,38.96069,7.8096876,-9.122287,10.02482,-8.776581,-29.780142,38.39929,6.2944493,-34.142586,-20.462603,13.148626,11.6977215,-38.91907,4.396337,-21.799067,35.87159,-41.90708,-10.783148,11.896787,12.24495,18.531328,-20.435944,10.556021,-29.599625,13.543207,-16.213112,-22.56954,24.295544,-14.191068,-14.997915,-21.290802,19.843166,-28.004803,10.767168,16.253475,-15.3141,2.876862,19.610027,-21.000694,-4.3076024,27.341785,-18.28873,20.36179,-2.0052493,12.53331,-3.4090824,-32.581657,20.210653,21.088814,32.21505,16.249292,-13.539564,-1.4204526,8.497843,-20.6799,9.710338,-25.140034,21.906439,-27.59553,10.834594,1.8362335,37.782345,19.970654,37.311745,6.4722886,-20.906523,12.917694,19.082798,16.51234,28.828373,-36.27708,-1.111312,14.714121,13.870306,-10.912942,-9.218222,29.06861,24.193996,-17.54313,9.326309,-19.895359,-19.380028,21.049963,10.0948715,-27.916239,28.512241,-22.482899,26.425709,-10.777643,2.1200964,-4.8062725,20.523472,26.586634,-7.10206,1.3856075,-15.999728,-1.5928538,6.157431,-38.07212,25.78532,-7.7414994,-26.081188,3.3128886,24.936436,18.54459,31.742832,21.516731,-7.5157576,20.738426,-16.94714,-13.004634,16.694538,-22.44454,10.902889,-7.8923655,26.878683,43.284042,-23.520346,20.6467,-17.658604,-41.373173,27.594599,-11.677481,4.0980096,-19.808434,37.668034,-0.27072167,-5.517882,-0.048532344,-22.7201,5.3683033,16.196243,9.719177,-23.000736,9.462561,15.67952,-15.714518,-28.312454,-15.71873,-34.693684,16.580921,8.63228,28.200382,17.35367,2.429601,10.953169,3.292218,37.270866
27.151987,9.971445,-8.221391,9.410716,30.645761,2.327991,-26.263102,37.76343,33.256878,37.206657,-29.456638,-39.67059,9.267862,-21.967503,-4.1912303,-16.997742,4.7631493,10.716245,-19.066229,-1.989885,5.401195,-18.343565,-0.5392246,18.894245,-26.960638,12.799005,-24.026117,19.61774,9.466532,22.169678,-21.119102,-5.6857166,-28.455734,-41.63916,12.216671,-14.471041,-21.619562,-19.659397,-24.236187,-2.4313493,36.19059,-17.200499,18.511639,15.707144,-24.81783,-13.670749,2.9221547,-17.307646,13.602049,29.253302,17.527813,30.022717,3.890847,-26.37138,38.132828,-26.80545,22.557951,-16.097788,5.2459173,15.100194,-34.065136,30.132336,-13.434471,-17.45278,-0.22828674,-14.52392,-11.622988,-0.5472169,25.994812,-12.363748,-21.942638,-31.683002,24.26625,-11.90405,27.376226,-18.896917,3.4525902,28.945902,-30.640457,-6.5903807,-18.920238,17.895542,20.657345,16.379555,-31.167751,16.193317,24.974918,14.964798,26.08908,15.868019,31.67048,-18.34284,-32.624817,-31.106516,11.384503,6.404873,-13.688677,24.350464,6.0882826,-10.423773,37.720173,16.4569,-5.2273574,17.981264,18.413263,2.1810267,-26.08319,20.415485,29.022486,12.6853895,2.0879111,-12.362909,-19.31841,19.222475,37.581215,37.656868,-17.89868,7.209771,38.798454,8.531586,1.2126417,-1.3661659,-15.191287,30.956324,17.372246,26.478796,17.082321,-33.92827,-23.255527,9.74313,18.049055,17.349302,23.723127,-21.035614,3.6890385,-8.779638,35.056263,30.468685,-17.533058,7.145344,21.05738,-25.508614,3.623895,-24.937319,-18.49947,-21.969357,5.6659427,20.873789,2.5950575,14.71449,-37.755917,-3.2192695,1.432848,14.297541,-40.697693,17.45563,19.767397,32.216316,-25.16801,25.161373,21.637642,-13.103415,26.22557,3.0406039,-22.761066,14.757833,14.167099,9.864371,22.220049,12.462461,27.065119,17.038116,33.69472,-33.632477,-5.2947745,-8.404036,-5.27359,22.439953,8.263055,35.190422,-1.9786667,-13.3573885,26.561487,3.5505745,5.793875,-19.017029,30.652105,22.358673,-35.620094,-9.287837,13.342977,9.049266,21.219923,-13.174631,-19.399803,-9.67858,-13.760256,-21.333372,33.565483,-10.93163,15.718039,-10.605653,-32.927315,-3.5148995,-18.061443,-25.456646,30.290142,21.382847,-26.401693,8.7699,23.29297,-26.944225,-16.327112,-16.135666,-31.463558,9.735548,11.41685,3.4415069,45.694942,25.029825,26.965033,-5.0231123,13.057898,-2.8797011,5.050246,-33.67518,-26.60527,-17.322508,17.178772,-0.819468,31.743402,26.857113,-22.887962,22.290981,6.8883142,-29.428635,0.8122571,3.1806688,32.32887,-19.857132,25.78909,1.2546451,28.861181,24.605425,16.871828,13.522199,-12.460009,-25.868668,19.895031,-28.402668,-16.31545,-26.032354,9.064733,23.705107,-35.156155,-12.301634
-0.42540187,-5.669004,-11.764708,-28.473888,0.076929726,29.997723,2.4923844,9.8515215,-25.693447,-27.0592,-3.9007614,-19.870193,-3.8661468,18.48958,14.645319,-12.95726,-16.753138,-24.756937,30.682367,37.689537,22.367502,-3.1537433,29.235104,-43.202354,-26.144552,-31.487598,10.927275,-22.476934,-20.774063,-32.42887,0.8223278,-19.949356,-5.1892023,-8.314706,5.2530694,0.29829487,-25.110247,-4.049715,13.823097,-4.072214,-3.2164078,4.9713593,-25.503117,-19.77353,-18.389338,2.283757,-18.401981,-7.6508026,-18.642485,-22.085323,1.004635,-28.693674,17.239914,5.5393286,29.204342,21.175188,-13.38529,6.7719827,-11.069878,24.552965,-1.1974671,14.238423,9.744552,18.771122,-13.862004,17.49615,-23.94141,-15.228361,-16.078377,-20.3674,28.70631,-26.615856,-19.733976,11.104628,-21.621761,2.4538472,-5.3105464,27.287098,30.335257,-2.0002656,-21.01104,-22.268185,-9.90954,30.562765,14.984949,11.351336,-11.919272,-19.451227,-16.799068,28.709864,-2.3290896,-2.2062488,23.091776,-8.973445,-40.064857,-7.889415,-36.905437,12.225325,7.232689,-4.2434163,0.36327374,-12.06989,-21.340816,-2.8273904,8.247036,-23.252325,-21.640327,-24.613926,-8.692197,-29.227652,1.4979838,-0.9858955,26.252369,4.25272,4.673891,18.099247,1.637302,-23.777462,4.9162207,-20.928175,7.7983184,-2.9601688,-0.79746926,-0.8081118,10.017779,-8.774157,-31.8411,24.994837,-19.14399,33.715607,-8.621492,12.678976,-14.356611,17.298023,13.22966,29.88919,-11.664217,22.899744,-19.765364,-8.966194,32.318195,-24.353045,17.88541,-13.362974,1.8777647,24.43232,9.795221,-6.6583185,-18.296719,-21.198406,-23.05581,-4.72202,-39.82446,-29.76796,-2.6244016,-42.757793,28.387808,-7.219415,-34.855167,-7.302667,-1.4931157,12.035485,-0.33305186,-16.757002,23.590725,-43.71332,-23.297764,5.109341,10.671125,-12.842519,5.487464,6.102688,-20.266699,20.35432,10.122001,-12.173467,-18.829168,-11.454899,0.38376772,35.562542,-27.873669,-33.364586,22.665257,9.795534,-35.226143,-27.351635,13.210645,4.669901,10.596914,23.630054,-14.9338255,5.4005938,-16.463388,-9.969926,-50.043648,-23.734373,-38.365658,1.3960125,19.6134,13.723793,-4.1966586,20.163248,34.63198,42.716892,-0.5490905,-14.082547,-16.625694,-31.019537,-36.177265,-45.517326,-15.284696,30.204224,17.616373,-33.37091,31.790537,17.015423,-19.684612,-4.2119927,0.22376314,-17.458788,6.159475,-29.569681,-16.726208,21.888542,-21.181677,4.8829746,17.384289,29.36843,6.286983,15.424749,-36.200573,35.83042,-12.87735,-3.8873882,4.3098273,27.000942,-44.098824,9.218442,-7.7697496,-3.8961709,-14.915548,-22.245367,8.607061,0.94465303,4.282515,10.188472,-4.063603,17.306078,9.970237,39.328564,8.623715,17.895777,-17.090973,-37.242912,-3.2317576,-21.121363
-18.207788,-26.193546,2.1335819,-32.68278,-0.61249846,20.92474,-22.400806,-18.88926,-8.71404,10.29845,-5.0921774,-18.942608,-6.72589,18.60359,-31.233486,-23.010439,-24.101597,3.2911727,27.939667,34.383682,-11.875402,4.5328264,21.710728,-20.115177,-7.5807624,15.520017,19.089102,-42.040253,24.11154,36.539455,-1.106363,-30.430607,34.565243,22.714453,-28.450266,-0.748375,3.2930508,30.334442,23.829304,-19.89689,37.18596,-10.55467,-20.956697,-16.856194,-18.469088,-18.546232,12.908033,29.303646,-14.155647,17.87105,9.795866,-14.927053,0.7197331,21.495928,-27.972544,20.418203,-21.11752,32.347507,11.713562,-18.059292,-38.120193,7.156091,13.956204,40.74716,-20.98553,13.491078,-9.480406,12.956935,-7.5986967,12.122933,23.564754,-2.7983577,11.06143,-31.64281,-3.680055,-14.228729,11.621544,2.5370462,37.246655,8.680494,17.682674,0.4583567,-17.315994,4.3624754,37.202465,26.009106,13.723623,-19.590895,-32.207638,-24.07534,-20.550285,2.7589962,31.587307,-18.793644,9.782369,-27.111172,25.865402,20.284395,-2.6081212,2.426023,9.7640505,-13.984411,34.64716,-24.608965,-28.922848,-10.902031,-13.721457,-17.742466,19.209734,21.313631,0.8493161,15.229639,28.841537,-4.752366,-20.064293,-3.4129968,1.769556,-17.871801,-23.877224,-5.9755044,22.709257,10.448836,-26.774342,3.5225518,-31.668518,18.03347,12.407159,-6.4172897,15.368315,-29.99934,19.670315,-16.82742,24.483776,-13.139546,-17.418346,36.58364,-10.510654,-23.286417,31.128551,-38.080326,-27.786163,19.19353,-30.835957,-14.830717,-14.153841,-5.7556496,-19.861143,-24.1611,12.001875,-19.666965,31.721806,0.78301895,1.5877054,24.79971,-3.4783459,-26.691639,-25.111406,7.2777925,-1.3539397,-17.30511,-9.979688,-21.872969,-28.906101,15.318906,17.474827,8.848204,-30.577831,-38.20446,-29.156773,-7.435467,20.837765,5.862504,11.852002,-26.369198,-1.5131232,5.2016706,14.600163,24.277332,12.446951,-3.4066978,21.164333,0.31187627,-4.1108923,16.776913,14.953845,27.817844,0.55625737,-38.698887,9.172928,-15.816591,8.429462,24.280018,-15.824847,-3.5585723,-12.269256,25.132748,-41.77809,16.845516,-14.412007,2.4707887,-16.942444,-37.10456,30.193996,2.3904605,10.877688,-17.727295,-10.544908,8.381351,22.835533,-36.425583,-25.043808,24.213564,26.41625,-32.40169,28.482868,-2.323074,0.68959135,0.55658406,-43.90793,-35.143482,19.02475,-9.451339,-1.3984412,29.919336,-19.911354,30.225285,-24.26717,1.5052055,9.829542,-16.732557,-35.20472,-13.295957,34.14474,-25.396341,6.984375,25.54572,-15.380908,16.91055,-15.973755,22.975056,-27.869883,-13.552625,3.688697,-14.668294,23.113316,-14.529493,8.273967,-20.502768,-19.964266,13.815618,-0.49610463,34.194622,-35.440445,12.352806,4.7239323,3.2641575
26.28212,-13.730326,-15.269444,-11.025495,31.45633,-31.62619,-30.92902,4.7116156,0.9246475,17.287422,-39.94979,12.123715,22.859829,-33.61803,-15.36087,-28.500814,-13.349713,12.145126,21.543413,23.152958,17.372557,-15.38116,16.02705,-18.14919,12.2637005,15.933667,44.54059,4.342828,-4.3054447,6.5028963,-35.942074,11.299139,7.5946603,11.152346,16.587505,14.872342,31.975256,2.3568337,-21.861528,-25.603222,12.056616,-46.310024,12.441853,-32.223354,-16.303429,26.129751,25.187164,2.6751785,22.29749,21.872807,16.45853,20.290104,2.1053677,-21.740526,41.342438,3.2822108,14.54616,21.916424,-13.65388,-28.40765,-10.894806,34.907787,4.342255,29.743618,19.772234,-19.274685,5.4623256,-31.241856,-0.13518322,-28.910374,-4.0704165,17.946342,18.277918,-38.397545,-34.767876,-31.171936,-21.8297,6.5281434,14.426267,-7.120534,23.897228,-25.412264,38.058327,-23.355162,9.718591,4.6329427,43.834713,-41.186787,-18.049564,-6.7345567,6.983125,-1.3267474,9.282673,-36.111214,-5.680121,20.252817,22.139833,21.802994,-24.68407,-37.24462,-15.683614,20.637362,7.9232607,-0.44351473,-25.518042,20.37932,-10.932793,-10.089386,-16.697683,28.883762,-29.126383,-34.21586,16.10121,30.384338,-17.90472,-5.948341,-24.113506,-20.653517,-17.77656,-10.634301,39.906517,-25.978191,13.170645,28.815058,-31.449652,26.17403,-14.017665,-22.144482,16.356953,-15.904843,9.796364,-2.951367,35.73405,0.8327916,7.448424,24.11207,20.88989,18.582462,27.383114,-30.12904,-30.658823,-14.07345,1.1687275,19.780521,-9.352872,-25.43466,17.607944,3.453806,-16.401842,19.664179,-16.906876,-20.71961,-13.277069,2.7787197,-12.279116,-28.853216,-3.2582843,-14.196806,-12.0768795,-1.1224468,-14.456762,-22.992188,29.284763,18.549747,7.9904823,-0.24048285,-12.128847,-13.420744,-27.878717,-30.326488,-24.763424,-32.03669,11.482187,-28.61932,-2.2931588,-0.15166286,-17.713913,-6.101839,39.043648,-22.282574,-32.85912,-18.448929,4.7760534,21.501017,35.13042,-26.754658,8.116833,40.700947,-25.062359,5.050089,39.251556,36.66297,30.930735,-17.131752,23.041044,-14.277855,-0.80620736,7.6929893,-17.882956,-1.7350051,-8.0079975,-0.36529204,-2.1247368,30.234165,-3.4773483,-38.991325,14.987013,26.727743,-26.488434,4.6457124,28.00068,-13.02899,-31.104544,-22.891544,-20.996693,16.988573,30.80508,11.371328,-15.423777,6.0451193,27.876709,31.702713,24.849682,27.77387,-10.028791,11.83405,-25.341219,-8.108999,19.782482,6.5604844,9.880033,-22.993671,17.75824,-13.606283,4.77962,1.1611135,27.38565,-9.039202,22.054462,-11.031015,-14.851535,13.508804,-19.271198,-21.85598,23.280956,13.94781,-9.437461,24.35804,15.722046,-22.786572,-28.314615,13.177694,-29.244787,-38.893585,-19.552467,-16.53609
-37.54133,34.403084,-23.465813,-21.956297,-20.738993,3.2350268,6.7828546,24.950089,-28.309128,-5.1541824,7.050616,25.337992,-16.738028,13.263751,5.246829,-10.261242,-37.444633,21.961178,25.664927,12.172929,13.807185,13.102437,43.149204,-18.396551,25.267744,2.9059536,21.987514,9.915258,-1.7808346,0.43835402,-33.35201,-29.959198,35.02178,25.542347,26.188833,-24.820635,24.55579,40.25552,23.142584,-8.487365,43.789677,29.699207,-28.433542,-10.966896,-1.6969007,12.655228,8.468214,29.749523,-19.295757,-4.2920766,-3.6653373,0.35658008,-35.771782,-7.0324697,-15.926775,24.123266,-18.936586,18.674316,38.142517,2.9586494,-25.750721,19.6368,-13.550682,15.526607,15.734093,-43.64508,-6.6599627,12.412532,23.580729,6.438671,31.9473,24.670118,35.23554,-13.425589,-16.18174,11.784491,-14.870108,-0.7753606,12.627573,-3.6985173,-13.347407,-19.295847,-26.715107,3.298888,26.142267,-5.096515,-22.37274,-20.865606,16.399813,14.928793,-9.19148,34.470184,29.033314,14.248227,-18.521662,9.553453,-1.0513575,16.991768,11.936972,19.851315,-16.168926,-8.298138,7.374334,-0.25669506,-28.072514,-0.51992315,-7.8813105,-12.3964205,-15.702716,-11.821596,20.955286,20.596422,15.224383,11.697639,-13.163797,-14.237514,21.000994,11.68137,-4.0646925,19.386753,-9.519243,-3.4173222,23.12047,8.673421,30.261469,11.572336,-29.892242,21.969288,-29.794657,27.466425,-3.8359694,-8.261766,-20.52684,18.756346,-17.387678,18.483976,8.639867,9.549709,29.778553,-14.672633,16.031713,13.172254,2.2119527,22.298557,23.3942,13.322588,32.056477,-11.558461,1.2765496,7.04292,13.137271,36.90149,-38.754692,10.082002,15.088081,-4.758667,-24.202095,20.483406,-14.194356,27.678165,-2.5802457,-7.005375,-14.3385105,-19.462772,16.21342,-26.155975,15.601148,-23.787134,-13.12591,-28.671398,-9.698311,-9.72593,0.3213498,19.597435,-23.840895,20.838192,-19.888124,-17.680145,55.478962,12.385269,10.376521,-22.877766,-24.011484,27.184164,-21.598736,7.6482787,42.55799,-20.881584,14.387454,0.09703324,10.606841,-0.11757281,13.551514,-35.627254,31.232035,10.572882,32.592712,26.671276,28.597422,-24.44925,5.4293737,-15.467259,10.721769,-16.20924,1.0300983,10.786087,34.91445,-15.855741,5.074929,12.286086,-19.000406,24.766466,17.792406,-9.653031,-32.8608,-16.989874,-22.535084,5.9791956,-31.530704,-30.339367,25.929249,-36.878796,-26.623562,-14.828558,-8.866676,29.937597,-17.40923,-16.926996,36.71473,20.379536,11.407175,-23.167728,41.411892,-34.900303,7.7431426,27.0841,-11.0927925,-11.819708,7.8756967,-19.944637,9.767786,-30.752583,-18.66169,-13.432722,-10.924323,10.089873,7.35805,9.434819,16.385366,9.026343,-21.463198,31.211792,-26.730076,10.025604,10.556112,-21.663622
8.290013,-7.128114,-10.963018,-11.73852,2.8460639,6.6670976,1.7040218,-14.814842,7.4828744,-11.989653,-5.9812,8.441763,-7.2846174,-17.089508,-24.441341,11.188884,11.674949,13.731941,-8.902655,-12.1579275,-4.765405,13.629507,-11.396914,33.82589,6.742063,24.198946,-1.7003711,1.2856458,26.577093,1.3872375,-19.806276,16.036373,-6.0983105,16.923122,-16.626019,16.465618,7.003441,7.3114014,-17.16979,8.153547,-7.9375505,20.333351,-5.9350452,-4.0219803,14.237129,-2.6282365,-20.865147,-19.059553,18.383837,4.891393,-0.16760647,12.671108,-21.228607,9.155689,1.0888778,4.1087294,-20.500729,-27.086155,-23.110447,7.6900764,1.1284003,-6.278241,9.993668,10.8888,9.384702,3.9117222,14.268855,-4.6528115,24.529646,27.190714,-15.220197,3.6485991,0.69247884,-12.444298,2.2215025,13.684886,11.194571,9.746302,-16.98159,4.559272,-12.100944,18.253897,10.567481,-24.81352,2.5697846,-3.2237372,14.192792,-9.840748,31.159084,-13.762662,12.110514,18.303856,-17.65736,-5.073143,-6.1778674,7.223666,-10.728455,13.314741,6.711519,17.049887,-2.4343576,-1.4420775,-13.882477,-14.267639,10.133764,-10.012899,26.465939,18.228296,-12.092398,-0.3516252,24.247196,-4.961435,-9.763599,4.4857793,-7.1050897,-0.92382383,-3.2240772,12.806084,2.8764768,-12.448965,14.384056,9.11162,0.98698264,-0.7577368,0.5514768,9.024652,-3.2623801,-13.689746,14.906929,-4.84967,7.1166267,6.259401,6.65187,-23.415966,17.628351,-10.763677,12.550131,13.817802,13.833313,-2.8347902,6.188333,18.084803,0.7039317,-5.691689,-23.429176,-8.246269,0.8008463,12.858763,31.27695,17.76269,2.429249,9.806822,15.9364195,9.699627,0.30054614,18.497375,-17.28704,-12.939087,-4.3596907,25.159863,-13.263109,-1.2213663,9.131754,2.422723,-24.13974,4.2909117,12.871938,-3.7165675,-7.087681,-4.4179335,-9.23654,-10.048292,10.759073,6.4640565,12.663797,11.23081,24.107517,11.894098,-9.895302,-4.4230576,16.971987,-8.509527,22.355427,-3.3070054,-15.8472185,14.874924,-3.2611516,4.283517,12.79841,14.297506,-19.617834,2.5079648,-10.040808,1.8060821,-3.6377258,-14.898585,12.230401,-4.1537504,-15.812147,21.032932,-0.77965814,10.762702,3.0600064,-0.8791176,12.701345,9.500866,19.749016,8.372421,14.809607,22.346773,13.82021,-11.701863,-14.580605,12.558092,-5.374326,15.079065,20.467342,-13.792636,31.584766,-7.118647,-7.851922,13.926122,3.2933471,1.5761539,-8.457482,-28.344944,0.05720241,6.7307115,14.498006,-1.2744192,26.624416,-10.152032,2.1370995,-8.892129,-25.605038,-13.803881,-6.806235,20.673605,3.1440048,-10.411963,-2.429541,21.121063,-2.528707,-11.574997,-0.55413485,4.1485243,-0.23075888,-25.043613,-14.320845,6.6786256,-22.584993,-9.740054,13.343165,-6.465043,-27.9026,-0.90589315
6.8200927,18.636093,-0.22020169,23.087524,-0.34738827,-21.800484,-3.9385204,18.829252,14.696513,33.331913,-16.245632,8.321605,12.462679,-0.06553987,2.830749,-23.718925,-6.4804964,2.738316,-0.48157915,-1.8365138,19.636646,-0.38863108,3.390693,8.880911,4.5413203,-0.11532086,-5.323933,15.301084,-15.719069,10.725615,-21.123072,6.535633,1.450992,-10.559595,23.122723,-10.1009245,5.654352,-14.919225,17.913227,5.268494,22.284023,2.4554913,11.852331,4.92424,-6.5676165,-2.8707938,21.33203,7.5585833,-11.290781,14.187833,-11.743489,12.477684,-19.017683,-27.935116,10.811586,-26.094845,15.079439,-1.7333084,25.562037,-4.213954,-30.371988,26.892172,-17.132067,-15.278783,10.665781,-13.373062,-15.389918,16.550112,9.207578,14.439548,10.048159,5.160697,20.56884,-15.648709,14.520256,1.227813,12.732961,0.75708926,-4.8221407,-20.104717,-0.9281578,-7.0028396,6.3393145,28.728153,-3.56463,-10.937784,5.5557594,-4.1834955,10.519469,22.75764,-9.526033,-13.081697,-17.355211,-4.749572,7.8370194,8.012608,5.541741,-7.5011635,12.811899,-13.838636,12.661528,23.510763,8.981833,4.7024713,-11.056256,12.425635,-22.447163,-0.33615875,3.3526053,5.5918055,-0.6581931,4.6303186,-5.766082,21.314169,20.926502,15.336205,19.68675,22.504524,5.332755,34.43363,-12.7197695,-13.7205305,16.376057,-2.2190456,25.770176,6.2602177,13.081556,-11.192793,-34.380276,14.461931,-12.453698,21.719284,-6.4606314,-7.3018265,-14.669563,-13.216757,30.081036,2.1342096,-4.3579626,24.670694,4.1801972,-8.486155,-7.6183457,6.947234,15.392405,-9.282502,15.446088,-11.99585,-16.150162,25.61221,-1.219794,2.9011426,-8.254199,19.945621,-7.1664596,14.640146,-0.053041525,11.016665,-6.8116446,12.3404455,21.121464,-5.027563,5.062933,-16.483261,-2.9475913,12.875575,16.516607,5.223357,2.509762,-7.0271597,18.068682,-4.898116,24.566128,-8.976946,-8.900674,-20.401323,-9.690757,10.558906,23.951899,16.551647,-2.8737845,-1.7904943,-14.362719,5.1385784,-1.4023596,6.3552966,7.6574693,-2.1766653,-23.787676,-12.997418,4.1326227,1.8580811,16.355482,-32.787956,2.8207912,7.864404,20.339737,7.0443406,37.42577,-29.250051,27.883072,-15.697377,-38.41704,-24.586143,-27.26347,6.4537086,28.42896,9.301947,-2.8519444,11.942343,9.963891,-8.466669,7.2272735,4.9442086,-18.73988,-23.015024,2.7924697,3.3259354,9.92097,11.290008,17.033512,-6.9525385,10.026918,-33.103783,-3.7312343,1.0304015,-4.5303774,-26.08808,11.77111,-10.123607,34.796898,7.0221205,-9.721524,-8.768733,-4.620446,-3.7996974,16.901424,-23.093689,13.620863,-15.180081,32.803642,6.8919096,16.810444,17.087591,9.485062,3.0347815,10.721322,-0.82355416,20.617657,-16.28584,3.8129559,-9.494036,15.56576,15.078896,-7.9210405,9.268053
-5.613841,0.93885756,-5.9588475,-17.34425,2.6758785,6.6067247,10.309279,-10.863604,-0.23195085,-18.713871,-8.140771,21.01471,8.046998,-11.783604,-3.3701432,20.38573,4.3237705,10.55826,6.8892655,-14.394371,6.7947097,0.34184322,6.323884,5.924349,10.947309,6.0211573,11.036423,6.097176,5.3390684,-11.518179,-15.08678,9.470457,7.8830595,26.20229,-17.454132,4.8719907,5.250881,5.555491,-17.767963,-2.14714,-11.572376,15.0846815,-10.161318,-13.240016,4.5348654,18.932587,-12.971034,-2.3496537,10.822744,-0.26890045,-13.534117,-4.263369,-3.2646663,12.396515,1.6867832,21.786142,-15.455073,-3.1543012,-15.201117,7.236688,16.767403,-8.497053,16.488968,3.3243556,13.388359,-4.017574,4.132904,-17.311386,4.0905323,11.186661,-11.687401,21.07734,-13.786875,-10.928961,-16.340221,3.6031678,2.424319,-1.7791898,-3.6685417,9.448925,-14.013165,5.488548,1.8228166,-25.127258,2.6599119,4.6727266,-1.462615,-10.579363,7.4322762,-0.32082137,7.0969973,22.32196,-8.364294,5.882708,-19.144114,15.910678,-10.002567,12.74467,-11.496142,16.889797,-26.864178,-1.5079825,0.29437217,-9.6819515,-11.836221,-8.866662,16.954973,-0.8987454,-13.193415,-6.6736145,3.9194,-7.220136,11.119886,8.086024,-13.706325,-29.102716,-9.095312,-7.6250525,-2.9770885,-13.997205,12.737932,-2.5611491,8.219416,8.564172,-18.206144,-2.4588294,-14.843588,8.955167,18.828495,-26.159313,-9.450647,-13.533038,-4.7423706,0.05835867,15.12108,-3.2871044,-17.907566,20.084532,5.621167,4.9470453,-1.8340489,11.866638,17.217325,10.425218,8.717139,-13.319719,14.900011,5.6961355,14.51832,9.899753,5.9109893,17.843449,-0.734743,-7.9473953,10.846891,-7.358152,-16.436174,-14.301218,-10.237772,-1.4561272,-21.65176,-9.227102,9.511033,18.14722,-6.6801414,-6.2906504,3.356299,-8.308335,-6.998854,-10.321199,-23.020105,-14.234401,-10.314779,13.794742,2.2667828,21.175816,5.120427,-11.746049,1.5351021,-15.791509,6.3524766,-15.599556,4.900341,16.773958,-2.0844223,6.742181,-11.506404,11.894205,21.817097,12.769346,-2.3353367,-4.285969,-0.11587758,-2.1742303,7.1092734,-13.135561,9.953374,-9.910209,-11.17497,16.889162,2.6216762,24.262182,6.1901464,15.03628,17.94798,0.069765195,8.238842,-1.6898463,-2.426703,9.733124,4.1949644,11.01634,-12.35132,6.698653,4.943067,20.05784,12.64274,-9.149717,-2.0801802,-8.343437,4.1011777,-5.5153584,-1.2161875,8.404855,-4.914529,-8.270445,8.943583,21.948065,14.58522,12.675924,7.4128547,-23.955875,14.094231,-21.395336,-7.5708137,9.430836,1.0254343,5.2210555,-2.928361,-15.25869,-8.912012,12.329296,-23.136847,-13.419336,-11.252661,10.842581,-11.940513,-2.967987,-9.523618,12.0966015,-14.387917,-0.77602136,-2.7141263,-22.165907,-0.09503646,-5.0660467
-2.0449603,9.834732,-1.1796601,-10.264755,26.699915,5.822399,2.0164647,5.287754,16.020283,1.3762071,1.0576354,-16.947392,10.677598,-16.917114,0.017438661,9.653191,-4.882655,8.276432,-17.439894,3.4504406,19.37251,-29.233505,15.841772,-20.414087,-1.9289916,7.873056,3.085252,3.4780498,14.479752,-10.742277,-3.9470196,4.443145,7.751294,-15.559222,-20.973375,-11.779873,-9.489659,-9.2662,-26.300816,11.375095,22.342012,-10.954443,11.275499,-6.4356475,-18.400888,0.09134314,1.9082088,4.1376796,15.279897,22.974659,7.5582733,-0.90808773,0.6419051,-14.096751,22.532717,4.949158,13.938878,-0.5532009,1.8414891,0.0758077,-6.5344706,11.33975,9.192676,4.2468376,2.3555148,-7.6531296,-1.006219,1.8682337,24.653868,-5.9784927,-9.434732,-5.6264353,1.3109295,-7.766185,0.5554698,-18.39722,-17.260733,2.1466835,1.5687778,12.394699,-16.088238,12.246089,16.260303,0.38214272,3.4570556,9.811167,17.331383,-4.2854095,-2.1979766,-13.58241,25.575947,7.791939,-7.9746695,-19.155928,1.6175478,0.11570454,1.9780128,20.581669,1.0333415,-12.651118,11.081064,-3.8720183,15.308909,1.4249643,-7.6585436,12.587612,-6.6881485,-10.900056,21.657688,8.940485,-7.4889207,-22.969404,18.788385,16.968166,10.287171,-18.1763,-24.001776,2.0937252,17.60004,-5.851241,21.84171,-7.079715,-19.937515,23.880936,-13.562904,28.832346,3.3982742,-11.408907,26.197748,-24.304996,-2.5617568,-5.047984,33.88347,-12.496801,11.3906975,12.458503,-0.40634236,11.75592,-9.716179,-14.447647,-11.3400135,4.3937774,-0.48597392,-18.178984,0.44209176,-12.338768,-12.557886,17.991007,9.494375,-6.1242447,-25.347492,-0.35442528,-3.7081287,-11.400728,-18.086166,-23.139256,4.9009323,20.498861,-11.53919,-3.8347402,-9.445577,-33.90281,15.262418,36.5138,-2.5718124,0.31147647,-8.114468,-3.2390347,-4.8891664,-5.13569,-5.323528,6.82164,1.9860115,-23.391249,-13.051593,13.977681,-24.712135,-6.645133,14.614446,3.4587913,19.266697,-14.830002,0.0046173213,13.966908,18.266624,-14.124392,11.42093,1.8484541,-4.6932383,-13.744322,26.103159,12.277948,16.314884,-9.738314,4.5575514,7.288717,0.67127633,0.21980882,13.763052,0.80305374,-14.08018,-15.811525,-10.765518,8.865457,16.747992,-32.231663,20.61721,-13.7107315,-9.056273,-7.795143,2.2230306,-0.5272032,-26.434443,-19.5791,-7.8454185,23.237211,4.4067984,21.093145,-2.7131164,13.562146,17.165344,-15.928729,7.515869,24.434061,-7.493309,-14.454718,-24.617496,11.339457,24.685125,-9.682264,-9.19037,9.170626,3.4930344,5.377149,1.0162613,-3.0915568,4.975542,13.136019,8.211539,-5.6988363,-5.5550733,-14.927198,-1.8474175,-22.429022,-12.233762,-5.4323263,2.3684099,-2.4620984,-18.16495,-4.6349983,-4.0999207,-1.7335384,-6.451163,-1.6412601,-4.738505,-3.500536
-12.4767,3.4203105,0.23914628,-25.267586,15.557867,14.261635,1.3099756,-0.92870605,-1.7132359,-11.288076,-6.3258314,-5.6315923,5.3265676,-8.30481,-2.8602815,-0.4735036,-19.087944,11.646538,6.2427588,9.724935,12.2133465,-8.301861,25.223751,-15.930783,13.83105,5.454169,16.309292,2.2303889,4.9927764,-5.5158987,-12.168151,-21.223225,0.23413518,1.3689648,-11.105691,-3.8694253,-0.014742469,5.987883,-10.4664135,-12.815982,18.573221,-5.899968,-12.612384,-15.919685,-16.658419,5.0324426,1.201779,17.189178,-4.1945086,0.6626047,-3.1463885,-6.1697817,1.5460389,13.062494,12.069214,28.154339,2.0271335,9.631609,15.972345,10.371349,1.3942826,13.34656,17.134481,16.184864,6.204022,-20.961617,-7.3567824,-7.0254145,8.033644,-13.721918,10.110952,3.702711,1.2833592,-5.7739024,-15.82812,-21.255466,-2.7656617,-2.3421624,13.96725,19.945148,-5.9928713,4.1622996,-1.9407514,-12.887983,-0.4462905,18.520658,-4.0982223,-9.263341,1.8841646,2.3717632,17.766264,11.887995,4.4810934,-8.258777,-19.356792,-3.8538737,-3.4045014,23.786585,-15.226952,15.163073,-15.140132,-4.7518435,9.824803,-11.945102,-7.246189,0.35426152,-7.1083207,-16.870834,5.8216214,-6.4116898,-8.853977,-0.38650957,13.531631,14.640892,-3.3774097,-12.430868,-17.768026,-15.728724,13.418894,-20.297102,6.104917,-2.154897,-11.095258,19.713818,-22.9252,5.7721195,-11.928139,12.693808,3.4718125,-9.569305,1.9252043,-22.024586,6.861815,15.125676,-2.4377666,21.762852,-14.8503895,14.858119,10.238167,-18.412523,1.5662639,10.417032,14.844647,-3.7340724,-0.42690533,-9.877821,12.258879,11.59119,-5.4416275,-7.386163,-1.0960693,10.291252,-11.071217,-2.7282434,0.5941211,-16.760902,-10.806035,4.3009214,-20.612751,-6.103875,-15.774666,-13.203816,-9.049031,17.091106,13.052324,-13.243704,-9.078878,-25.168123,-5.597658,-10.459926,-10.806889,7.3095827,-10.761802,-7.546434,-13.824751,12.576483,-6.3759336,-10.756205,14.699425,1.8460724,8.71612,-14.215215,-1.8857787,18.78804,5.6344576,-10.645525,25.106007,3.657074,8.312838,-2.6756828,11.35845,0.30670097,4.6584973,-6.8850045,8.861658,-2.0947113,-2.0685315,-1.9346155,-5.0324135,2.4435108,-11.995612,2.6811626,17.731106,17.276684,6.321615,-22.129507,2.2472007,-8.0616,-11.195524,-15.172319,-12.307631,16.919153,-0.8873342,-19.559292,-8.359312,14.21904,-5.503379,-1.1056004,-7.925565,-6.039201,13.775038,-11.653514,-13.155477,26.113354,-7.487165,-2.8453474,-8.981449,12.465105,23.12399,19.660025,-14.756869,-14.916136,26.357569,-0.6095699,9.493611,12.403138,-5.3121758,7.5215635,4.001733,-10.770113,-5.624439,-15.471034,-9.982501,-6.587551,-12.413195,-1.5130497,-19.102703,8.883712,-4.11042,6.122496,-14.96837,7.6781974,-16.61474,-13.186618,5.7372437,-11.466147
7.667454,-5.287624,1.386172,3.183023,3.9452965,-0.14604624,-15.365953,10.966574,14.403171,7.5595026,-19.411413,-3.0575676,4.6698847,6.33883,4.274281,-15.954269,-10.180851,-7.7170954,4.3085527,13.334803,-3.614186,1.3829111,-7.0498786,4.443511,-8.888433,16.092693,-3.413834,5.084593,5.4561224,19.882118,-9.328003,-2.9130502,-13.508743,-18.552896,17.582172,10.074624,-5.503976,-10.746271,-4.126378,-13.327135,15.680921,-20.52641,8.33193,0.43288842,-7.021571,-6.4298105,1.2012126,1.9393384,-3.216106,7.6602798,-1.1602409,6.5496163,3.7029076,-3.5887806,16.062693,-9.266012,4.8363256,3.5411754,0.8500244,-3.0290809,-5.7908745,17.39618,0.16952603,-9.759974,-3.2613556,-4.7492323,-8.040479,-5.2485437,-1.5817053,-15.749176,-1.11428,-14.07545,5.6740446,-3.5470996,5.4605412,-4.353219,2.4514337,0.66604984,-18.857206,-4.5724554,-8.378592,4.5233154,6.271674,5.93784,-19.596302,11.627175,8.967031,3.56508,3.153304,16.360012,11.783014,-10.764,-8.607655,-14.189459,3.940448,-9.085647,3.3706532,8.054158,-3.825507,0.27253854,1.0471241,14.254835,-7.8387995,3.6963112,6.974818,-1.386268,-11.6520815,9.380113,11.89273,4.673769,-12.407556,0.96658736,-2.3079,4.853199,12.2871065,21.285145,-5.3758345,-5.9095106,7.0486693,1.1835829,-8.135895,-6.4588575,-1.2844572,12.2269,2.6439414,2.6071854,-1.0791645,-2.9175482,-20.156504,9.305563,8.039169,5.898004,9.664419,-1.9322017,-12.749841,1.043092,15.727389,9.383494,1.1472489,8.348132,10.817285,-5.7841454,13.688886,-4.491805,-0.56907034,-0.06217721,10.428873,0.14472966,-5.2246475,3.1468425,-2.416689,-9.889573,-0.46698847,12.507462,-13.390764,8.9168825,3.2697625,10.362274,-10.226168,8.581124,11.8178005,2.8139024,8.130711,-10.983603,-1.3241999,7.4935393,-1.8989388,-1.6355336,12.274004,9.644777,15.159274,1.6188473,15.351463,-15.7336,4.287284,-9.516302,4.6786556,16.3833,3.58395,4.490657,-10.743467,-5.434682,11.037357,1.0560749,8.832922,-8.256475,6.385361,20.238192,-16.67462,-7.5736175,9.005762,6.1989594,1.8598397,-5.333078,-9.318682,-6.216591,-7.1852393,-0.8319931,8.786814,-5.851267,13.133046,-1.5831734,-2.896222,-0.8892353,-19.340647,-4.265395,2.358457,19.533503,-16.781382,0.89168453,12.8628235,-4.9759216,0.90110016,0.7804818,-8.312563,-7.4128876,13.536247,-7.680758,9.695611,4.955886,7.578222,11.356524,5.794284,-4.7900944,10.009262,-11.367659,0.712166,-11.669148,1.1543787,14.424571,4.9137983,5.668766,-7.7149634,7.7692857,5.087943,-1.9557531,4.1554832,-19.725475,7.368415,-9.603161,17.602396,1.7282206,14.491626,22.329657,13.947803,3.516457,-10.958476,-11.194065,14.68409,-8.746628,-8.759571,-7.874713,1.7072744,-0.1841686,-8.805287,0.3774759
14.910808,9.898577,-0.38045847,4.977828,20.1221,-18.017437,-15.151507,3.5475147,0.34909618,15.282956,-14.783124,1.5313545,22.593355,-22.818813,0.48608762,-15.482651,-5.346196,12.941664,3.670261,-3.290023,9.466899,-14.555548,14.996388,-10.125906,9.70213,-3.5348682,23.451633,7.1153374,-3.8717396,0.37820452,-12.015634,4.094245,-6.1222334,-8.956866,3.3623948,-4.566985,15.011401,-4.600813,-8.960049,-17.931437,9.788516,-25.820053,11.070591,-9.544334,-6.890227,22.423702,23.095655,6.7876844,17.284079,11.649646,2.8908763,14.168032,15.268896,-16.5601,29.105066,-1.8302412,23.601107,8.905935,7.5282426,-9.17172,2.5078716,22.57078,2.3463383,-1.4849912,8.047297,-25.718094,9.72658,-12.455244,-1.959966,-23.334433,-12.330516,5.4464684,7.45277,-19.14438,-6.838355,-30.695011,-13.866778,0.26633888,6.506376,8.261595,12.624355,-4.116542,20.657236,-11.040213,-8.444929,6.783448,18.855892,-7.1906776,-12.840347,-3.518126,6.6786294,1.5354481,-1.7773918,-13.420283,6.179308,11.387561,9.554831,2.3072388,-19.959255,-19.492594,-2.2809246,14.593252,14.704936,8.891835,-11.316186,20.54981,-11.035953,-8.918148,3.1165051,16.927408,-23.926174,-12.267698,-1.1283996,16.61116,-2.130095,-11.569278,-18.437218,-9.277873,2.5164776,-4.1349993,11.780711,-8.582858,5.68611,25.40866,-21.40961,12.661651,2.2682693,-10.764433,11.654316,-14.107875,6.5149546,-11.769976,15.4637575,8.926824,5.48549,2.765306,1.5779434,9.605475,9.926982,-11.163137,-18.464344,-13.200014,9.865965,16.269184,0.6673293,-25.563477,12.389059,14.035803,-14.724089,13.961576,-10.110295,-3.771281,0.2126874,-2.7614903,-13.574664,-12.060316,7.5908875,2.0410337,-7.734996,-2.0822449,-7.142836,-17.120451,5.8291535,15.857579,1.065156,2.193816,7.9743056,-9.670548,-8.217967,-1.8001168,-8.404047,-4.3694944,3.8287551,-18.642977,-16.190893,5.0042667,-14.037885,-6.389407,24.874365,-8.633508,-12.987071,-3.7584624,-6.0310946,13.03137,34.83095,-18.045956,7.0429025,25.237839,-15.20563,-14.366638,27.895548,6.044392,22.793102,-10.362128,26.445948,-1.5073662,1.972574,-8.125797,-2.761306,-14.869649,-7.2612624,-1.8964335,-7.5520525,7.9775925,-3.7085521,-20.83482,4.9910707,16.679384,-15.009535,1.5984826,18.060736,-13.170191,-21.95886,-13.233122,-15.0120945,2.3689952,7.0033607,3.2662728,-11.480275,18.820824,21.796074,5.1340714,10.284272,9.468284,9.544134,8.127616,-11.80628,-2.6436725,8.868901,3.8869681,-1.2631296,-11.172722,13.260968,7.55766,18.219044,-9.738709,28.99615,-5.842408,24.813192,-10.464698,-1.7820139,3.5847695,-10.669601,-7.5729995,5.785112,15.902448,-15.284281,10.536108,6.963647,-25.95527,-14.851369,-3.8207817,-9.74061,-10.022288,-0.32170278,-7.0360956
