8.228938,0.99440277,-2.9940028,-6.0114374,1.0121574,6.666958,1.8339027,5.0919514,11.128515,-10.951689,7.0507116,16.44826,-4.5492716,-5.328126,-0.42161766,25.10755,2.591162,7.0263567,-6.408265,9.403355,13.710251,9.717084,8.737,13.309835,-4.624992,-3.8436942,4.8021393,-18.07353,-2.9499311,2.853264,14.561148,14.081589,3.3324368,-4.7542014,3.814095,8.743232,-8.106965,2.53851,-9.946848,2.3854172,-12.653592,-6.4429436,-6.131389,0.37471652,-24.877117,-1.1677282,-16.57754,1.1685747,13.867737,-4.396097,7.4623575,11.404371,22.008564,-4.6916647,15.66553,-8.33859,19.910807,-5.0303206,15.7162,-10.817176,-9.659348,-4.1771975,-12.232623,3.6315093,-1.287676,13.264753,-3.7796378,6.5969515,0.11423929,-25.203815,0.7800933,-1.1036601,1.4619725,1.8865106,-6.7376237,-0.37548858,12.307492,-4.66602,19.49165,10.4451885,5.0554466,7.299737,15.714127,-12.949839,-5.2314157,10.221261,4.1222363,-0.37494585,-5.759215,19.213928,-15.859911,4.202184,-4.536205,4.9334364,-13.7734165,4.309744,2.751772,7.029361,-3.456264,14.606715,-12.785902,-9.82993,11.133291,-12.350742,3.5114357,0.86317366,1.8793958,16.54375,2.450775,12.496081,5.112811,22.783443,14.250292,-13.005653,5.497123,-12.174859,8.981346,10.107264,-18.621098,-5.337756,-7.9212584,-7.615256,-2.307897,-11.178828,2.8006291,-3.5063884,6.5990114,8.982665,-2.059592,5.407438,8.513708,-6.7697573,-8.325362,-3.868637,2.6798534,11.656527,9.378401,-2.9878602,4.8729324,-11.402626,13.725116,-0.14833727,1.3850878,-8.395192,8.744122,21.249548,-9.601054,-8.364766,11.8097515,-5.473279,11.07633,3.676031,-13.460684,16.272083,0.7780169,20.606256,-7.4186263,8.357168,-2.8957474,-4.842732,-23.157818,-8.687154,13.290932,17.741905,-4.3453593,-7.551488,-4.561658,-13.684367,11.68912,7.780061,10.86212,-2.5143638,4.347753,-15.424181,14.567093,18.34419,10.484362,-1.5057254,17.386887,3.3300781,24.371056,-16.872316,15.320348,-10.823339,-12.720376,20.493511,-6.6912613,21.789034,15.214859,-2.3924994,-11.128667,-13.914751,0.54219705,-15.724096,-3.5654583,-3.7230067,8.020239,9.252957,17.767189,1.3084944,1.0305988,-6.5903153,-9.962396,11.936632,-12.034376,7.6012497,17.07835,-2.567871,-16.064781,9.141752,-12.513187,10.805107,8.873452,-12.210166,18.504353,2.939895,2.1229713,16.182178,0.8036439,4.8585434,6.377244,16.00639,-0.964389,-21.415882,-20.602299,2.8036478,1.394936,-1.3711865,-0.117874525,-2.48117,-9.288304,-10.998016,4.3554153,7.197436,-15.047093,7.1578193,4.3010015,9.027168,3.8769677,2.1865556,12.001109,-13.354666,-19.87897,-17.945873,26.408564,-22.358318,1.2916354,4.8667455,-5.9349036,18.78127,-5.4358015,-5.7709165,16.758947,7.2576876,0.70410407,-3.091972
14.896341,18.620571,-15.079346,22.084002,7.06538,10.1128025,-11.102858,25.149815,-10.147828,-3.3205166,12.578648,-11.920283,-7.384505,9.4755,1.5044063,5.55449,22.858109,6.106488,10.933085,3.9107223,-16.974367,-10.7610445,-17.854149,16.696487,-4.5614505,-1.8795824,-3.798716,-11.9662,13.760839,6.5760317,-2.7961736,-6.69069,1.8728883,-0.81937283,3.3388717,-1.6425203,-0.13116261,-4.8303246,9.426055,-19.298512,-0.30554372,9.447822,-0.552746,-4.1262903,-11.6556635,7.822811,2.9967446,-2.1267846,-12.770051,1.5678252,8.092067,-7.2135797,-8.630479,-11.891179,9.904023,10.163424,1.9307808,9.072453,-15.271228,7.0366516,4.8602786,14.661415,-13.935964,-10.22735,2.0916572,-1.7865942,-1.751041,11.350541,-2.0579047,1.4335511,12.757059,-13.050871,-5.955101,-1.0233427,6.06672,12.796883,8.02211,3.2023845,-1.8987995,-5.6763477,16.998158,3.6576836,4.5939193,-18.524645,15.060306,13.195585,2.8364108,-9.0806675,-5.238481,-17.866945,-2.123881,9.445079,12.997536,-9.20551,-15.264587,2.6974356,-5.3565555,-2.1616187,-7.5972357,18.625446,-12.471991,-1.2414742,9.409189,-17.409744,16.731546,-5.150276,-12.756655,-4.570662,1.0692338,3.0051877,-9.069917,0.057950787,4.6996946,24.57423,-2.0437498,14.952405,-2.9184346,-17.30249,-9.738102,-4.5332713,13.564095,-9.120568,-24.385265,-9.528877,-5.9440994,12.711451,-19.24298,19.981918,3.5181298,17.478876,14.862584,-0.8600559,13.090815,16.463081,-12.909007,6.624934,-13.019671,3.1454754,6.733869,2.5904584,2.229622,1.9761454,15.90107,8.292265,24.097092,1.839703,-6.4015794,-3.298696,16.854595,2.5705998,2.9616141,-1.6556562,5.4637427,-4.7441,1.840134,-6.5894675,-6.0247517,-3.3596954,7.9831185,-5.8490987,8.310817,3.7645397,11.455936,3.4557815,-3.7035625,-11.232564,-3.7536633,-10.859454,17.49473,13.543135,8.103234,6.564931,7.951463,4.786196,-16.869747,18.291422,22.20041,-4.5542765,-5.5749063,-2.216082,11.236319,14.453624,-2.6052904,0.85992223,4.078417,-8.397221,-14.024739,1.1562022,8.907736,23.098663,1.2277718,12.208713,6.5678697,-7.363223,3.870741,4.087191,-5.103959,0.6226224,5.518313,-0.08590354,-13.777514,-4.389274,7.052278,7.6813507,-23.561813,19.84305,-7.720122,-1.8981371,7.9508104,-16.217892,-19.103035,-17.079035,8.314083,-2.3351243,0.878384,-12.665606,6.2336564,-14.725284,18.823923,10.95262,20.474977,14.47298,20.90294,8.181956,16.15511,-12.6298895,19.243574,6.9018617,-14.497668,0.67095274,-14.341014,5.6957817,18.870998,14.479319,2.8452709,18.387354,2.2849736,-1.299685,19.88181,-7.822673,2.878081,4.598761,5.0145273,-6.5936785,7.7877173,-5.1344347,18.732283,12.697885,-3.0934863,5.2206416,-4.632371,2.8355157,7.4351974,-8.145126,-6.8965607,3.538667
1.9552324,-17.739979,-15.954634,-7.1601777,7.9273705,19.488642,8.868176,6.8374047,-4.988051,-6.0896153,13.182485,-11.219898,5.707941,-6.3321075,8.491946,3.734972,-5.8461256,-7.134841,6.172201,12.621401,-5.0754,0.39386338,-1.9568446,5.143672,9.551541,-3.9514623,10.536222,5.482492,9.698418,-8.066186,-14.935252,6.6703544,-6.0477147,13.90921,4.167094,4.3734236,6.3679533,15.504965,-0.9793705,-1.3976094,4.890798,-12.018312,2.811579,7.0864997,7.008725,2.0222485,-20.367422,6.825827,-5.8046136,13.80546,-2.8328762,-14.916516,13.823087,5.9208097,1.1953337,7.462879,6.169749,0.32314822,9.150223,-22.64954,-13.105501,3.3707993,9.172256,-15.031881,-7.9811654,8.894468,-6.479432,3.5952618,3.3670125,8.084129,-0.2597033,-17.232342,1.2597704,-9.436055,2.95967,-7.30263,5.6972013,-16.750284,-7.0485315,-9.313625,0.07770233,-5.933142,14.362515,-3.900565,-0.86859626,6.6931257,0.86508846,0.12737523,-23.342892,-2.3278856,11.979186,-19.630089,-8.344015,18.608088,2.8025312,14.677676,-6.2420473,-4.379765,-9.166136,-4.1677322,-10.852617,-0.6623868,6.1367064,-17.716015,-16.183765,15.737599,-12.062497,8.4289875,1.2979443,3.6833115,11.285261,11.1519985,-8.1837225,-9.036142,12.942865,-1.4711577,14.340497,1.3742878,-4.159295,1.6990772,11.501914,-6.308975,12.513636,-0.5569819,-6.7036715,-13.885307,-1.6276808,6.8893867,-9.294935,-3.1688862,-8.995048,2.1945071,4.549025,-0.2021995,-9.601701,-7.2956405,-2.431951,-14.415871,-5.6042914,16.263903,12.536783,14.163182,-9.247978,6.06135,-2.970098,-23.903225,16.84848,2.9167309,-22.23228,10.297993,-5.518506,-1.6294019,-5.424375,2.0461993,11.592121,-0.15581536,7.5672235,26.74508,10.001986,-17.115408,-3.8713105,-5.884394,-3.1901546,-6.846637,-11.801389,-7.5809145,9.2829075,4.6489363,5.2630863,-1.3706958,-0.73088074,4.4671235,9.969538,-6.1154156,-7.858355,-3.4770637,4.3494053,6.0890193,1.2939289,25.135067,21.315006,0.007983613,10.053482,-4.328995,-23.607584,1.3492944,3.9010682,-0.23277374,-9.408568,-6.2496524,0.67201245,-16.86675,-12.442984,-6.788729,-2.1884737,5.8029623,5.047123,1.339287,5.12292,-0.88812864,6.0706167,5.7418375,3.690679,5.9377184,-7.3842087,-8.039984,-8.9345875,-10.980194,-4.542806,9.5441265,8.94779,8.514703,-2.4089694,-20.161572,5.786643,4.2294664,-8.835413,5.237557,-8.10058,-10.980121,0.9264355,-2.6530607,19.96694,-2.3098888,-1.6539013,18.022512,-1.4055443,-1.9466053,14.669973,-9.18476,3.06881,6.292005,19.923504,-11.861108,5.0015326,0.4015326,-3.6396317,14.672282,2.706106,-14.96281,1.400387,6.824319,-7.5555787,-6.7369375,16.739735,11.254106,-7.4869385,-2.3976154,-9.70337,-6.580138,11.0526905,6.633498,4.644412,13.056755,6.7719893,6.9619493
-4.015366,3.3008487,5.181676,9.723799,-6.1809797,-3.572171,22.86208,0.7278939,-11.056306,16.83302,8.42355,2.4210505,21.909994,7.9574966,-1.8353217,19.87149,0.2250351,-19.37216,-9.949333,-10.746531,26.613413,-5.6533937,9.244803,-5.0276546,-24.332947,2.5191665,1.8412116,-11.075086,-8.526378,-10.670403,-4.140157,-9.017922,-21.391758,2.6350493,-9.011278,6.8327537,12.973299,4.4335847,-17.572443,17.890638,9.959914,9.164218,17.472748,-5.31525,0.45463887,7.405034,-2.1171436,3.8586159,0.13540609,2.1618342,10.257219,-2.575208,8.9115925,-3.2544727,-4.144589,0.17863536,0.70264614,0.4368472,3.4957747,4.516695,-4.2490497,9.182209,13.128525,1.1303122,-10.7204075,13.746706,6.838838,8.115469,6.072621,9.552887,-12.2410965,2.0091946,5.7578745,-1.5911069,3.1811056,-4.162656,-5.173556,7.1142626,3.210078,20.335724,0.7884962,7.297818,4.8385262,4.4670343,-10.88846,-17.575716,9.050777,-0.91208565,-9.03944,2.194408,1.1831027,8.391213,2.6521668,-3.479507,-18.243345,7.5735908,7.6097097,-7.3495474,-6.5652246,12.298261,-7.677906,-5.1376,-1.7061081,-10.835535,0.61618596,7.4159765,-10.8197,3.297854,-14.63973,5.3346863,8.077152,5.5323386,-14.444003,-6.202882,3.638219,10.438456,-9.7984495,2.0741398,-12.748068,0.3782579,-12.720664,11.799598,-19.963783,-0.7547579,-5.6713476,8.565271,6.128008,1.4207804,-8.755663,-8.01952,-5.402652,-11.29598,1.6686169,-9.222136,-3.2125525,-6.9968553,13.972717,-0.39206523,-8.967552,1.2252352,9.438593,16.896221,1.4486449,-0.86050224,7.8950243,-0.7569261,-2.1280332,-14.344525,-16.565351,2.8953748,-5.194914,3.644012,17.75259,0.5202714,-3.3849819,14.518494,12.810672,10.009137,-6.95299,-12.66879,-11.381391,-10.950333,-5.872656,3.1704617,3.3015168,15.08703,-3.0451071,-4.7232757,-4.3864007,8.193053,-3.1423097,16.96412,17.384377,0.12456782,-6.5663567,-17.900501,-8.369657,-1.3663956,15.61118,11.490782,9.924601,-13.215393,17.977772,0.00016202926,-16.082283,-0.9764126,-15.864734,1.299353,1.1256353,-18.732195,-29.59344,-17.979126,-11.893864,13.7002945,6.100135,-3.6285107,-1.6818985,-18.038618,-1.0277879,-6.798024,29.532455,-8.139847,-1.9213442,9.1396265,-9.0758705,5.608126,3.4289734,-5.468376,0.46578455,7.303936,3.874618,14.258326,-3.089849,-7.406451,-3.901445,-11.764829,-21.556376,-1.4118092,-0.4810174,17.44071,-20.026287,-2.807767,6.5799055,-1.8515991,-1.2989421,12.250835,-5.935461,-13.082361,12.21484,6.953004,-16.355673,-23.516197,-3.2934918,3.2373745,-17.537533,1.809767,-7.873725,-10.730783,-24.519215,-16.239561,10.814699,-10.3033495,-10.983527,-6.159175,11.689546,6.1394143,-8.646627,-9.380394,-8.746731,-4.389834,1.919446,-6.5753913,1.8845227,10.6055765,0.648391,-7.0879927
-1.623882,-2.8374953,-8.2016325,14.614311,1.6311929,1.1588678,-2.0894637,1.8015721,7.580331,-3.236599,11.396429,-18.00236,-9.748018,-3.3593597,-2.2593436,12.934502,1.905867,8.000422,5.208821,-4.41288,21.249918,-14.163679,14.756205,0.43740034,-6.9717355,2.2094564,3.8253486,2.730497,5.6532397,13.894846,-5.775332,-8.793707,4.669828,-8.895826,-14.119054,-12.38286,-17.17728,23.89208,-12.075002,-7.4930716,15.431119,13.300993,-11.118188,5.0546937,3.5584621,6.155162,-7.394141,-13.3439045,-3.2408688,12.746998,4.5702796,7.307477,-2.2856376,8.150563,-7.7275305,6.985723,-10.341507,-3.1906235,3.717136,12.698552,-8.633261,3.8061032,22.11939,-11.91763,-8.249711,-2.379664,-9.539568,-12.287668,9.797018,1.6697687,6.0464287,15.223979,9.7160845,3.8156238,10.883889,4.421521,-12.124983,0.077050865,-7.258592,-9.981758,-7.0764527,-0.6297398,20.357683,-6.4102182,-14.969629,-4.516625,-12.333713,-5.0710526,0.02105409,2.0509496,-0.96472627,-9.972568,-5.9280615,6.263381,5.3637476,7.575766,13.424547,13.980051,-11.971947,-3.9708095,6.837526,1.9308269,-14.350514,-0.612536,-10.030953,-7.7394056,3.1410687,10.907054,16.279423,4.128193,15.224483,19.065237,8.78077,-14.216817,2.5254705,-7.5512743,7.7887964,5.1973367,2.5101867,6.6686754,-6.5664763,11.88177,-5.5625815,-4.9149604,14.413141,-1.2262833,9.927941,-13.384801,-2.4389095,15.2992735,14.934871,5.6947207,-17.908014,3.8574986,-8.884691,-17.587702,6.322328,6.0221796,13.179159,9.010272,3.5565898,-5.7226577,-13.497411,-9.011138,4.9003305,-10.542733,2.1556454,14.019094,14.788786,4.249507,5.536481,2.7255044,1.474814,-11.208103,-1.3006761,-3.1587486,4.535757,-3.3693166,16.333445,3.6416917,7.804438,21.615492,-13.099936,-9.819446,9.029436,0.32147425,-6.845828,-3.0947058,-11.887529,-21.817945,-8.779196,8.895138,3.4950264,3.8738563,6.86157,-6.963603,-11.606465,5.58677,4.3346343,-1.9631904,6.143999,8.106591,-6.954749,-2.3448892,-12.223646,-1.7695717,-8.030908,8.969581,-10.809502,-2.674572,-5.366462,0.21623178,14.71635,14.550031,3.2036748,8.0020485,-19.837242,16.817562,-8.754673,10.563514,5.864501,3.9376864,3.6732707,7.912877,-0.15980658,-7.798304,-8.393,-6.018266,-4.7346416,-5.795045,-2.0866957,-4.555871,-21.239304,-4.569075,-8.39022,-13.510576,-15.4026165,-15.229396,-9.440439,-12.147783,3.9699852,-10.895976,-4.305793,3.2148623,-5.49612,-3.3169608,1.3995006,-10.081408,11.459136,3.3344612,1.4625832,5.970624,2.7878904,0.54764163,2.117084,5.6823535,4.6720505,1.4351269,3.9515812,11.2722645,-10.339302,7.543811,-0.21685585,-4.8532243,-1.3783175,15.827268,5.9387755,11.210073,-8.179663,0.012211871,-3.0815132,22.022732,-2.8695862,4.9931245,-10.230422,-16.686232
-3.201793,-29.440023,6.7030306,7.765528,-1.191354,16.227116,-1.0886253,-2.416943,-3.93959,-4.760968,7.946452,-22.295834,-0.6120266,-13.347407,-2.3064942,7.335414,-3.53268,9.869895,-1.029169,0.13700765,22.902365,-6.8845277,9.717547,3.913908,16.532633,2.6737294,26.617977,-15.422803,-1.152396,15.1638365,-15.125992,9.519002,7.724932,4.6242204,-27.359829,-8.73908,-3.292005,15.135376,7.697824,-0.80166423,0.33055347,-14.948893,-1.5531838,0.45582598,8.346389,-0.991367,-9.13987,-7.3699822,-1.732083,9.825621,4.0026116,14.567761,-6.6693892,9.449913,-15.955958,11.163984,-15.126427,-13.658979,-3.3482208,-6.4302993,-4.531454,-21.432594,15.750349,6.947847,12.903427,-3.368066,-19.588776,-7.2002344,-9.897292,-20.868465,0.7438615,16.285204,1.8982617,14.38648,19.64952,8.643778,-7.0716906,8.621546,-2.8159773,2.3102288,-7.877305,1.2208749,9.624229,4.3569913,-22.146194,-8.496901,-4.979911,7.220665,9.987306,-0.69866484,-8.611864,-9.432287,-2.9406621,19.947556,-2.4529629,12.662531,3.338684,11.162064,0.31288224,-2.9877086,10.295149,-1.1712545,-9.091519,1.5884565,-12.084583,-18.076069,-8.435213,-3.4206321,14.005182,-6.9971323,-12.806971,-6.312001,-7.132849,-22.588741,-13.823334,-8.370296,1.6359463,-11.783099,10.405439,2.4226005,4.4969788,14.863423,13.924008,8.5999775,9.149048,-10.656613,12.511804,12.017866,-13.412333,2.5532823,-1.3458327,8.115065,-12.383582,1.4650731,-7.5425653,-24.318964,12.573506,-14.962059,9.207693,2.2283206,6.8099127,0.762246,-26.195591,-15.900647,-4.6699095,-8.909034,-15.946179,-15.860563,10.092276,1.7617741,-0.5602578,7.023923,1.7175627,-22.402046,22.013165,-0.23941925,13.108144,-8.523902,14.128937,14.837384,11.652494,-9.978547,-11.330612,-0.74034053,12.141968,0.9066669,-13.666051,-1.0940555,-3.4424214,-18.183588,-23.079205,-4.0005894,-1.5126702,10.623314,28.806072,-6.3108344,-7.092122,-17.005932,7.4021807,-3.5397122,4.961037,20.26293,-13.175163,-4.582463,-3.6976616,4.5566916,-11.765577,2.0703301,-20.136463,7.799951,12.464462,-0.43471423,18.041172,-14.095387,12.746773,8.559125,-16.849228,10.826578,-17.330984,-24.684864,-2.9226403,15.814178,20.524633,-10.310663,-3.913636,-6.0417757,-1.6231381,-11.607289,10.490366,18.872934,9.861643,-0.02821281,15.808119,10.461118,-3.237701,12.307154,1.5577787,-9.933069,1.8296236,-7.234511,-8.402975,-14.650586,-4.9034643,-0.8236745,-10.905678,3.6861129,-5.646622,-12.38727,15.017276,0.35254866,0.27944285,0.27860457,0.72849333,3.7960804,4.6683245,5.949734,-18.525036,-7.1919427,-13.403601,-0.45543766,-4.0475144,-14.254885,2.3755655,3.45839,-5.772527,12.148528,1.0353196,-2.2062058,12.455139,-11.554602,-8.429346,10.870838,-16.432514,-2.5518522,-3.6208699,-22.235353
-3.875547,-4.034946,17.119705,4.4160175,-20.254324,-14.023822,-4.2175636,4.745194,5.1851835,-22.712784,-2.6100452,2.7125506,4.6084313,13.009987,-7.7391067,-13.148168,13.43556,-13.07271,-4.2787647,10.639728,2.3561215,-5.150727,8.584581,-7.5314674,-0.3747464,2.2913857,14.020862,-2.2007022,-11.79515,5.8352537,12.0215,1.2295252,4.600262,-19.205654,15.884479,9.215451,-9.031896,-2.2782745,-2.7149282,-6.021772,-3.9966412,-10.586084,14.903662,0.9661581,0.48795605,7.437907,-3.353825,8.1151495,11.322474,-3.0062923,20.48985,-1.9119518,19.850025,5.5639753,-17.999454,-13.992902,7.6469474,-19.651432,19.693172,-3.3979144,-8.765315,1.4870251,-4.879481,-2.7238295,-3.2463703,18.996645,8.7185,-17.887144,-9.17758,-3.3889809,-2.0268629,-11.470892,-4.326647,4.52523,-7.907748,-3.3317745,0.6721169,1.5129492,-7.713224,-7.5489273,-13.255078,-7.194097,12.231811,-10.153117,0.45501375,-17.305431,4.5949364,-8.373748,5.3701963,-0.10412879,-4.2852902,21.377728,5.370227,-6.338061,-3.5869327,-4.6513214,-7.213748,-15.760492,-3.6859226,-9.598338,-0.26350078,-8.279132,-4.928893,9.675339,0.819033,-1.5870904,14.287282,-3.3691578,3.6112075,6.117719,-13.595586,-6.6214433,17.450844,0.43627492,-6.633416,-9.477931,-2.2188077,4.515756,1.9454558,-0.33414072,-14.806256,-2.6279027,10.325964,-9.10017,10.745273,-10.994387,-12.398163,12.216669,11.947016,-11.795181,-11.027363,11.796967,-2.8257775,-6.276341,7.2058806,11.490371,-5.3904123,6.2381396,-3.6681728,-9.499967,11.755789,-8.601112,-4.0198817,-9.234842,-15.727875,16.732384,-3.5373719,-3.1786828,2.3472943,-3.0786507,-1.1483158,15.479907,-17.586683,8.741728,6.181127,2.8426692,-13.07033,-1.4177115,-13.38633,9.993668,-2.2078547,11.420721,-11.487715,2.6200738,-8.774614,11.156944,-0.4082119,0.7915393,-12.452027,12.695949,8.349821,2.303205,-6.225992,-4.4985604,3.892528,7.531433,-0.7556495,4.35495,1.7847071,8.625359,-9.570835,-1.4492452,2.60632,-4.620198,9.756343,17.402205,3.3630211,18.898327,10.234618,-10.901293,-0.9248465,1.2930483,-2.394626,-7.1181846,-10.750305,-10.353501,12.47933,3.9121182,-1.8800685,-5.579654,-8.592719,-10.366727,-2.0003142,13.364362,14.616086,7.0087075,19.56223,20.282093,13.393667,6.809533,14.486822,-0.66391784,17.959673,-18.476894,-8.439144,6.608032,7.124936,17.689419,-4.109296,8.723654,4.13251,-5.937396,-14.870558,2.3351865,-2.4299233,-6.053916,-2.6684737,13.202723,22.0881,-13.152944,-4.5844097,-7.099932,10.785721,7.376204,-8.646015,-7.2855597,-4.4091344,12.845184,-5.183753,-17.775494,-7.9701004,-8.8613615,-2.701657,-0.052628197,-3.15467,-8.056375,0.57245123,7.9501257,-23.85984,-1.0186036,-1.0991147,1.1876999,-8.3382845,7.279219,7.2564573,-7.3087187
0.08716428,-4.8810554,-11.326174,-0.69075286,5.417211,-10.668712,-2.2586358,4.854797,-8.419878,9.269571,-5.1894646,4.245278,9.385733,9.561205,-3.0177073,-6.832305,1.8689663,-6.967276,-6.0159235,7.038339,7.597621,10.199476,-5.493043,-16.263641,3.9938247,1.4219122,9.988524,-5.076644,-15.401625,11.328937,-5.2634034,1.5732118,-7.8117967,11.229743,-10.72846,-0.6769274,10.487756,9.4716,-13.597076,-1.232034,0.15662286,-7.6442633,-12.733096,-2.609821,4.8634653,-12.300489,3.9100373,4.270374,-19.096216,-5.4238253,-11.448275,2.318131,-3.261291,2.342674,-6.6860795,-11.584694,-5.0571947,-5.210044,-0.9952445,1.690114,22.276737,-10.821142,-9.146846,13.884862,-14.387418,-3.9177227,4.620117,12.719784,11.867826,0.54256904,-2.0328918,8.231776,5.303019,4.0807414,10.586933,-0.3342265,0.71717656,-6.912885,-13.953112,-2.0527253,-5.764936,5.4784217,-5.251798,11.861059,-9.499437,-6.049193,-2.7900624,-17.665157,14.755327,15.660135,6.174064,2.414897,10.988077,-18.946295,-12.334905,-1.1944659,-8.192592,-10.828979,-1.3683255,-8.254756,-1.4376371,-14.434874,9.526224,21.989777,12.574661,2.239929,-6.1099377,-23.194136,-9.060325,-1.715197,-21.74553,-17.05189,-12.657638,-4.8093634,-9.533049,11.485189,-14.794807,0.94599915,9.061515,-12.065235,4.5269938,8.937919,-10.194168,13.458357,-5.748822,10.2491455,-1.3123515,-2.7728794,-1.1914665,-6.475783,7.188082,4.2461686,-6.314755,3.2493134,-2.3804052,7.7509565,3.5187309,-5.513493,-9.289282,0.2012203,-11.767703,-18.312391,-9.78962,-10.9035425,-13.496157,7.71491,-14.646917,-9.91763,12.290918,-6.5384035,-2.4607182,-7.6585617,15.676666,-4.0855074,-14.122411,2.3006768,15.286914,-11.074203,-9.777486,-13.810028,14.141397,1.4203424,-0.06693302,-10.596289,16.609959,13.690643,6.227039,5.0972037,6.045144,12.012902,-14.513578,-14.322306,0.5561353,3.9801617,1.3288715,-6.970704,10.930702,-0.55929697,-4.60332,-7.062748,-17.41277,13.676402,-4.739051,8.487629,13.331236,-13.696266,-8.937153,-10.239934,11.973295,11.018473,11.766147,10.376195,3.1838338,0.47887865,-11.066903,-5.162392,5.8891287,10.501104,10.663011,-2.338632,-13.553533,-4.4059854,-6.0312996,-9.370098,-2.9194446,-10.715872,10.741239,-3.241476,-11.044096,9.523359,2.797967,13.100942,7.024634,8.94592,2.3350887,11.141691,-1.2526296,7.360566,7.9268594,-0.8223426,-12.312154,-0.5564462,-10.936285,-1.9246098,2.3010526,-3.197364,-11.637999,-17.983389,-19.921299,19.76256,9.829616,-18.874979,7.4268327,-12.852091,-12.449324,-6.5172133,-13.27183,-11.696645,11.443031,-6.59751,6.2220716,3.474561,6.8301735,9.960725,-7.1395483,6.523683,0.93612635,3.2043717,20.570858,-17.040167,-10.800447,20.20007,-4.02156,-9.933898,-10.903136,-4.722789
5.795014,-4.063421,-15.904825,-8.774691,10.460235,-7.8330536,-1.6311041,4.7632227,-2.6166527,-13.848783,-8.090784,-14.681653,-19.101381,-16.736683,-15.418497,11.458129,10.959364,-21.800247,-1.4030368,-2.1998737,-7.9193316,2.450429,-25.896305,-5.396472,-10.316326,-27.240824,1.8651985,9.336454,-4.68952,14.273954,-7.225212,-21.516525,1.4264781,6.892334,1.502828,-14.7408085,23.995483,7.98999,21.29038,10.097746,-2.6616316,12.464628,2.5806367,3.7915134,7.035286,-5.736946,14.828154,-27.17164,21.902065,3.6775143,-16.626078,-16.752777,-10.040051,1.5244272,3.5093563,-6.529071,2.8917804,16.390919,-11.559101,-4.384181,-13.121615,1.3823783,-22.824656,-10.066114,6.707596,-14.666267,9.265961,-15.7701645,-4.2283273,-0.84252596,-11.486954,-8.79323,-12.023151,-8.413488,-20.403637,9.703781,-2.2982562,1.691056,15.130325,-6.53583,11.458826,-18.624632,-7.929921,9.709478,7.8802314,-1.7527778,4.0451655,-4.704981,-0.1478807,-6.9872437,22.432327,-11.247277,-22.823711,-3.098621,15.044746,-26.490366,12.687105,-6.5638723,-0.6066329,7.841352,9.684572,17.412647,12.041608,-14.680101,-16.912218,17.432121,6.600534,-0.40804386,-2.6537747,-0.92772305,23.145042,0.15108004,16.949171,-8.236238,8.727934,-7.1641297,-9.673464,19.015469,4.059108,28.76941,12.490608,11.328002,-0.7683763,7.264357,12.461844,-8.645151,-1.9791504,19.661413,20.762354,3.7425275,-2.5468807,-8.469218,10.689446,20.56181,-13.4982605,-1.1077023,0.15593405,-14.112528,6.0824304,18.749527,-5.701163,1.4405897,9.591381,0.8595297,-1.4451891,11.800821,3.9786465,11.572756,-7.5518904,-10.332791,-18.032492,-9.313342,-12.472188,-17.479538,-15.317896,12.431889,-17.291952,-19.591602,12.309389,5.9691606,-2.254602,-16.813892,-1.7321619,11.319033,-8.727034,-7.935192,3.7614105,5.4344516,-6.5864143,6.9863677,-11.303261,-10.9865465,-2.894023,-4.1473694,-19.13848,-11.140465,36.246834,-22.345348,-16.504524,12.1328945,-9.523547,0.85891753,-6.7888618,11.635645,-7.424511,-9.354237,-9.733713,-17.276402,-5.1678386,-11.055867,4.1103573,2.736576,2.6326535,-14.4083605,-8.203466,5.734093,-23.123417,4.9874663,-10.102504,-22.28205,-2.9677603,-12.017366,10.636259,2.7777386,10.694601,1.3966405,-23.724432,7.5069304,-4.1043215,9.597054,21.64459,-2.8082862,2.8830638,-11.539437,-7.1079483,-15.860052,-13.936879,-6.062145,-8.888026,4.6960373,6.4581084,-2.4074342,-12.488527,4.611286,27.366888,-8.172163,16.639484,10.324671,1.6248169,-25.56295,5.784272,-6.3203564,-1.3237264,0.9160115,-1.9851787,-17.911715,-5.2453356,11.3226385,15.394722,4.5866747,-1.9756352,7.7634673,12.931776,23.25533,-11.295905,-17.134447,-12.041311,4.2823844,-22.989117,1.8111194,27.69032,-21.502903,8.91614,-19.339981,14.94749,7.701832
-4.938613,27.562414,11.725576,-31.108242,-0.92939603,-5.2304378,-7.92023,-6.5139565,10.068137,12.90802,-9.691332,15.866676,8.627823,2.3505065,-7.298494,-16.872913,-6.4677405,1.6047935,-15.473616,-26.980825,-9.17055,4.7336063,-4.9712896,-13.312108,28.346762,-2.0144725,-30.64853,29.555552,2.926618,-3.8580372,-9.513877,0.33706436,-0.631278,-11.245656,14.305493,1.3068951,22.013014,-1.7646099,25.133343,0.80576736,-9.437941,-14.967192,6.732155,-3.244962,-7.7368116,-5.871205,28.29368,-23.553326,13.170618,3.6637025,-10.279371,-6.864396,-3.2371325,-2.4975436,3.4262078,-5.7762423,-6.7516236,4.1659875,-10.574295,18.81747,7.7800913,-13.07484,1.9324591,10.787717,-15.173007,-3.4896321,8.950117,8.237304,-32.755695,5.07738,15.62363,15.271657,6.236788,7.4008865,2.6649618,-13.999907,5.125926,3.0112844,12.178161,-9.79616,2.881247,-3.5783317,-6.8279824,4.9258657,1.2791256,-7.791336,-8.228237,-4.624578,3.9042861,0.6292869,-2.8494563,-3.5553448,-1.1077397,2.015601,46.287727,9.80145,-3.4316204,4.1077256,0.23560718,5.74092,-0.16351634,3.1476707,-0.6991501,-19.549835,10.892688,-2.1088414,-3.9196777,-15.514475,-14.866292,-6.2063704,9.979929,4.520213,-4.222689,0.95831937,15.899928,-3.4776325,24.440222,-10.500786,-4.680315,18.617285,1.4710369,-12.531059,27.977015,4.8212223,-9.193724,-12.298453,2.1789846,-10.253236,0.5967976,7.257987,-15.541448,-10.81879,8.717584,-4.7974544,-4.8653493,-2.5449743,-8.828478,2.0714011,-7.621131,1.0092676,0.17732617,3.7193465,18.913431,-11.639982,4.1482344,-4.4520097,-9.750476,27.414062,4.6222696,-5.0899496,8.282795,-0.31395453,-21.757345,-3.646216,18.839481,-1.1133024,-7.299299,16.676638,-9.392387,8.189901,-17.753157,0.13079004,3.1277022,5.863242,10.926841,3.6550992,-9.454825,4.0103555,-9.302082,-15.40347,-16.705969,-13.480371,10.998618,-6.8306603,9.450528,-7.3686743,10.179695,-19.60738,-0.770859,-17.48385,-0.51181316,-5.0008483,-22.595173,-36.40491,13.208789,-5.130133,40.458035,3.3733108,-1.7524122,8.052074,0.8812105,-7.8353453,-15.275866,8.618191,-3.5893674,0.9926578,4.654477,-7.9583235,6.5437517,13.828249,6.2973676,21.015491,1.7494408,-8.183257,5.8729115,4.7119527,8.817572,1.9489517,5.341371,10.0940695,-5.3871145,6.7284355,-34.59897,1.6575187,2.3404078,-3.9009457,-4.0330114,5.927203,4.3850303,-0.2716953,6.542296,-0.065965936,2.7300696,-13.556421,2.9778104,16.153437,-2.7826605,2.7464614,-6.5387754,5.1933184,7.763442,27.217508,-9.0659275,-3.3918266,3.4236653,-2.41899,20.21073,6.032791,5.595441,5.122075,4.592557,-10.922357,1.8219105,-1.1558343,-11.648698,-9.446507,-17.867014,8.767139,-3.0110774,13.015482,-4.859666,-28.985355,19.916674,-8.590707,20.319296,-6.1334248
11.293147,5.238208,-8.626626,6.0205073,-10.644484,24.925447,16.039587,-4.8276796,-21.39946,4.3388834,5.7165723,21.28616,16.898317,-1.8798358,11.231714,-8.131611,-11.803266,0.018938143,-12.822397,-8.514277,-0.25747174,-4.754115,-12.451,9.77798,-14.282489,18.322384,1.4149641,-15.96002,-8.628951,0.24559478,2.2871144,7.171586,19.371819,-5.776608,-5.9809103,-13.165306,-16.9938,-15.569479,7.225249,-3.4623368,12.301406,-0.23157378,-5.812566,-2.8924649,16.609226,-4.8054757,12.739706,13.843948,-11.980159,-14.445536,-9.948235,14.411154,-20.281143,5.4847236,-13.408725,2.819264,4.5764875,-1.3050188,-4.7232842,1.9321158,14.988581,13.527227,-8.845552,13.5995865,10.653042,-4.41029,-10.064205,19.502901,7.559846,11.922234,-12.579745,16.087025,-2.571324,13.1846485,0.91883725,17.383825,-8.090469,-16.009129,12.411049,16.02033,18.750664,-7.3437033,-0.42881197,18.068707,5.272971,15.997383,-2.0340793,-2.318132,7.8857164,-6.0797534,-0.8869794,-5.864956,-18.781956,-7.183838,-10.704836,3.8831096,0.38060874,-2.557295,2.7163546,-2.7243252,-1.4413185,-15.0091095,7.503502,13.563124,-7.4682093,7.2541113,-11.548418,-8.296934,-13.18439,-14.660774,1.6832978,11.151278,-10.541763,4.392767,2.8335629,-3.0831068,9.890013,20.317432,-22.165934,7.211019,0.72443205,0.5512983,-3.684993,22.90359,-13.258451,10.477773,8.740936,1.9545457,-0.38650292,-21.673624,2.2446449,3.435016,-23.378109,-0.47662124,2.8420181,7.338832,2.8880868,7.901658,9.428457,-6.2543364,-10.855789,-4.3026056,-15.958386,2.2016459,10.189249,-2.0174377,-2.807722,-13.30027,-10.099019,8.61525,-3.3662498,-0.55753636,24.566885,25.8431,16.97934,-9.804223,3.8931649,3.8530555,0.5734581,15.0945835,-0.5713116,16.435455,0.91126,-9.752947,4.7679377,-11.670148,3.1303706,-4.2200117,-7.9968405,9.923124,13.891542,-6.5371656,-12.053658,9.800577,-6.4651437,-1.0581415,-16.30129,16.254261,-9.388254,-0.9431874,-3.0558417,-12.980313,-3.9948723,5.8717637,-15.9939165,4.2787094,11.418472,-17.481565,4.6958637,-5.6247034,-5.2745185,-2.4034128,9.128336,0.62775326,-2.9209673,12.423383,10.817253,-5.57005,14.098071,18.499676,0.3919517,-4.832139,-17.080957,3.1080003,15.492351,-35.68663,17.18153,5.6804705,15.591215,-3.0590477,-0.7234475,-3.1815443,4.0652866,14.342722,10.466965,2.1962943,11.920275,-11.668264,-10.917372,19.975964,-16.701427,5.157867,10.78047,-8.101744,-8.870477,0.75487053,10.169441,16.029926,-2.0798519,-0.4332567,7.645541,-5.9279456,-0.26750767,-8.675192,-1.3810903,-20.49159,-9.106692,-9.110488,3.7851348,2.4458737,11.424641,0.262119,-21.742268,-12.1251135,3.5800343,-13.564116,-10.210897,1.75343,21.236446,-7.379317,-3.0758064,-9.637244,1.3259706,19.25082,-17.019482,18.822508
-15.781018,-21.397663,9.117672,11.898695,7.876767,-10.817849,14.196546,-6.092726,-16.410347,-6.3179812,-12.010846,4.881754,-6.7908044,7.645049,3.3984756,-6.0430517,-0.66275454,6.6778274,-0.9096764,6.8406014,-15.077951,-3.6765842,-7.5459414,3.591716,-2.4670844,14.03702,11.880827,-18.075535,-7.9208794,-22.614872,9.422438,-7.7238436,-6.9040613,7.1285806,-2.944871,4.301549,-11.023333,4.8495703,1.732084,-2.8782887,3.7697608,-14.0614195,8.00051,4.2715325,-5.550646,-2.566379,3.702661,11.835225,30.203571,-2.295425,-16.540142,2.52225,-0.1494176,-26.931538,22.819828,0.23165235,3.2600288,-11.764641,-2.0767696,-12.216457,-7.770494,-10.184889,2.768744,-9.277503,9.360668,-8.787004,7.59649,3.0819333,-4.305211,3.3769498,1.2498388,0.9035414,6.1307373,-5.352029,-23.526674,-6.402294,-7.863191,7.254532,-4.481763,8.002429,-15.180906,-8.4346285,-5.887513,4.960298,1.6276346,-2.9914846,19.648134,19.65572,2.4450405,16.276024,5.405204,24.096994,-4.4129677,-3.0776083,-5.549119,0.14820282,5.118314,-16.428173,18.8681,-15.104128,1.2429943,2.9959762,-13.031649,-0.6602515,5.8062234,-10.184812,8.688524,-13.77755,9.802872,-7.5858583,-4.203964,-16.999823,1.2950443,14.954747,-22.292171,3.974146,-11.208661,-10.246294,-0.21164873,11.208052,-12.614396,-2.1618948,6.667215,-26.91833,23.943348,-15.553119,-2.6250463,18.033232,4.886627,9.118677,-4.010011,-13.4708,6.9575105,-4.8121247,20.477314,-11.033061,19.389957,-19.149025,-9.24542,8.060225,1.1379806,6.426572,14.1606245,15.746794,11.444469,16.754696,-8.789114,-23.185137,4.281354,-5.6159697,15.362818,-12.6538,-24.511314,4.0086694,-0.15566282,-11.307669,13.251375,-31.696453,-22.663792,7.873347,-4.009284,-3.7484295,-2.1082318,4.37593,9.995332,2.562739,16.670208,3.245879,-2.0530348,-23.289516,11.501179,14.0289,-16.134356,-8.25586,15.70886,-3.9414742,-15.576872,-19.341995,-10.195705,3.3377693,-18.417698,17.002224,-3.5221512,21.646334,14.256325,21.003275,2.7756586,-2.8857312,-2.5595784,16.848984,-12.968233,13.50192,3.7662387,-5.3263617,3.1223156,-29.238499,-14.256015,-1.8790337,0.97702885,-22.357466,-6.2909164,-12.85039,4.442384,-15.379628,0.0955083,0.84468365,4.7778087,14.669004,5.1854844,-2.1587155,1.1852174,-9.617002,16.090963,6.1676846,5.8069587,-0.55021733,-1.2113571,-12.842005,-3.2354362,-14.098383,-9.36625,-7.6590614,5.3596334,-6.0021853,-3.3959744,-7.7007113,-12.423563,3.97532,-2.0875175,9.825037,5.1935463,6.779645,-19.72024,-12.30291,11.9193,-1.5726895,-12.062439,-5.104246,-12.382854,-5.997615,-22.066233,-23.810783,16.716368,24.871624,8.024891,2.3085968,16.208872,12.019603,1.762915,-13.650948,10.889078,-9.707792,-2.8131778,-7.675676,18.438644,-7.3184233
-10.565516,9.108717,-2.4689856,-20.292452,-2.9822087,-9.394351,2.9586976,3.6157386,-5.703162,-1.6605873,-9.804834,-7.2016463,0.3715822,3.9478555,-8.781344,-3.1548836,8.106367,0.5495041,3.5728905,-20.127396,0.8394254,0.10157794,5.250611,5.5759172,-24.548498,10.649373,-23.922945,0.44268265,-10.888372,-21.637823,2.833242,4.601602,-4.7568164,5.1578507,-7.354326,14.145276,10.07068,-29.34084,0.5202285,2.442056,-21.592234,10.142218,-9.537462,-0.940652,19.372295,3.4561195,13.466075,5.8101945,-6.8169622,-4.0190673,7.894512,-5.817715,-13.671013,4.181104,7.7175574,-3.4565392,2.764213,-0.7289508,-21.869043,-16.29542,3.2654061,-16.39822,-14.750081,6.870223,-7.6159554,-4.6167393,-10.948627,-15.177139,1.1441395,7.1075945,0.329256,-13.3631115,14.005941,-13.895357,1.8357632,-12.305938,-1.0412976,21.603138,26.058575,6.7428946,3.9898643,-15.880747,-16.07477,8.700016,19.962503,14.221323,-6.5830626,22.68836,13.970398,10.091875,-5.6391377,10.632611,-1.399263,5.7996397,5.9039288,4.2779145,-0.7934083,3.6636727,14.5831785,-10.500689,1.9257708,11.551104,-6.7566633,3.5731158,5.9418306,-16.30016,8.795467,0.9680311,13.652128,-1.8714851,5.719218,1.822992,-3.6778991,9.440527,-1.069522,3.707236,-15.892497,8.934986,11.987622,-7.7076354,-0.94545364,-11.181537,-2.79885,8.170374,-4.416841,5.8717837,5.4051394,-14.213122,7.876315,5.2060423,-13.955986,6.7977247,18.545345,7.6623,16.406092,9.673149,12.927721,13.314031,-23.657858,18.615368,-20.761349,2.7583902,-17.697723,20.683878,-19.876604,4.9170456,10.43058,7.6935663,-0.19122258,-0.50995433,-10.923829,-10.673858,12.403323,-11.222852,-24.76658,13.7106,-4.456079,-21.762905,1.7626135,-6.224084,22.806505,-4.5507917,-1.4215263,-8.973553,-10.513544,-13.377945,-0.88448507,-7.197133,13.962092,-5.8070397,-3.1968915,7.035716,-16.5619,4.995126,-4.8809714,1.5889969,4.6093454,-3.813047,-18.499151,18.617645,-25.140297,1.9474933,-1.3958713,8.384825,7.124305,-11.34814,-5.520419,-11.984611,6.0509,-1.922267,-10.199705,-1.0646629,-9.789647,6.8384066,-0.65071905,4.277432,-0.3034913,16.912416,-7.246077,-3.5121377,5.042543,-6.799196,10.9378395,0.28565228,-7.5673323,16.515995,-25.137087,-1.0815972,-3.3110557,-16.691181,4.1337547,-21.059534,6.5701647,-6.770648,1.6940666,-13.224874,4.2402983,-8.591168,-6.3938055,-0.3911706,11.006547,-15.235125,-3.4589577,-8.279474,6.5080895,-1.9778477,4.5227885,7.7506323,-9.097151,-4.8325186,1.8802658,-2.0195909,-30.671768,8.156868,1.4327631,-3.4707599,0.89383715,-0.16096127,-6.162162,15.199727,6.3601823,-14.887161,6.917437,23.89227,-13.527063,-6.483157,-5.9981985,-9.474412,4.9916425,4.1647286,-2.070916,-3.7179065,-8.807833,2.7259288,-10.004286,14.5879
-3.894195,-2.490088,2.9351761,-1.2883744,-18.716,12.396782,1.3880615,8.61171,8.279102,-10.451394,-2.341577,-19.839214,0.9319128,17.450443,4.6649003,-2.3760312,11.740362,-0.90927553,-8.952367,2.9459405,6.5831337,2.4972847,7.428968,11.494552,-5.9364815,7.5402336,-3.6789196,10.226776,-3.232701,9.251113,-9.327874,4.668143,-5.929476,8.808023,8.996012,-11.851188,-5.9515843,1.8171533,-7.8910894,-10.610506,4.6857743,10.387991,-7.37949,2.705613,-2.5904355,0.12967944,7.2359376,8.252934,8.628882,-15.059273,8.775418,1.4089415,-0.5471514,3.4654546,-16.35589,4.803974,-2.515595,-9.564495,13.347893,4.1389647,9.905671,4.5710115,-0.5014885,-13.417749,5.7146697,10.957598,-14.3015995,5.856614,-10.678478,-3.5470161,-17.031536,-13.69092,-16.418308,0.45845938,1.8435078,-9.034888,6.1386166,8.183666,2.488071,-7.8767357,0.09324511,14.303049,0.29586965,-3.7900727,6.141237,12.9493685,4.923556,-7.6175437,-3.2078469,-7.25805,-7.561387,9.416752,-8.857485,1.084082,-3.3675468,1.5200791,-16.71668,-19.410717,-2.1681657,0.88423777,-3.8201084,9.144978,12.496951,-5.398772,11.302453,11.107733,-9.611612,12.496479,9.085535,11.554255,8.838367,2.7396686,-12.132205,8.943932,16.713087,12.01961,13.204138,-1.7845939,7.6237097,-13.866054,6.484168,7.367406,3.0203216,-0.26507708,-15.8795805,8.118789,9.218583,4.451235,-16.341763,-13.385611,0.8287007,-18.291958,-0.047379337,2.1514106,-9.315239,5.8494196,0.99862784,9.221396,-12.528311,4.742651,-3.4708304,-12.822737,-4.223535,-17.740597,-0.5675421,-9.4256735,-4.1530066,5.7172866,-8.27923,0.5590135,-9.062464,7.639936,-5.522082,-12.314476,-9.105368,-8.152445,-6.0097685,0.24850854,6.2314544,-18.613344,15.016167,1.707414,-0.96147144,16.276262,-5.4071045,-3.2879722,-21.870422,-16.007734,11.087478,9.235711,3.1797764,20.161034,24.010296,-1.8894825,-1.7679129,2.7170453,-3.7751758,2.759809,15.715094,3.1955624,18.688412,-8.787492,-0.7806809,-13.454183,-3.6451309,14.42059,-10.924817,-2.2275214,8.745138,-10.459311,-6.0613275,16.790007,18.113134,-10.797254,-11.558247,-4.4108105,18.863194,5.4206834,9.064201,5.6074286,-4.067094,-13.416483,-11.423333,-0.69896394,-5.0978994,-5.7260637,0.73570955,3.1520197,-8.653449,1.1986663,-13.1677885,8.486758,8.608582,-16.005894,-18.123938,4.242645,-4.859844,6.285847,-3.0928943,3.7154946,-2.9710715,3.968676,8.127251,9.918028,19.314837,-1.2582474,-7.84538,14.858765,11.297047,9.60709,-7.815248,-2.5659952,-10.564335,13.445439,-7.701304,0.3657393,-1.9918007,5.9318576,9.58221,-19.489828,18.503029,10.0028715,7.973961,-20.335928,0.4980875,-4.3345413,-0.25827432,-15.67404,6.3181663,-7.2736025,2.6862319,7.8925347,-17.480846,0.42662278,-0.99535024,-18.471409
-0.15401125,22.873667,-5.7137985,-1.3106365,-18.016155,-6.4032326,15.316238,-8.124456,6.0022173,3.6651897,-4.796157,-0.15536705,20.489109,-19.07483,13.524492,-11.403054,5.981738,-2.1687388,16.023136,-11.741199,-11.722407,-5.453657,0.9903878,-4.7948976,9.728651,0.6560098,-9.941964,1.4060812,5.027709,-2.9895577,-12.123042,0.9120873,8.498408,-3.491609,-2.9384649,17.565006,12.321047,-16.601488,15.744154,7.529622,-7.4144487,-1.6455133,14.377634,-4.035961,15.598684,-14.956858,-3.6884892,-13.8966675,-17.47415,13.194774,-4.834494,-9.723279,12.69714,2.3647156,-0.04559596,-3.1263883,-3.4179783,12.1633415,11.583887,6.807083,8.939834,0.2543179,-2.8096173,33.29978,-14.788528,-6.2765365,-12.176786,-3.477734,0.14955273,14.866864,12.545969,8.81376,-5.341235,-0.74263924,11.700359,19.69151,11.51439,-3.2820373,-29.026249,8.487064,-0.9546075,10.146484,4.626224,-1.6421562,5.943898,5.4803863,-4.4160123,9.227224,-6.3079634,2.2371874,12.799691,5.8179564,16.638569,-0.58423394,-18.016298,6.149031,-7.2493453,-5.824218,-18.135874,2.0883677,6.4160933,-1.6673558,-7.2324615,2.105339,1.4667947,-21.648869,3.640651,-9.32294,3.2373085,-6.0383124,-18.431543,3.8226223,7.119756,-18.038607,-15.494545,-11.738302,-10.325354,-9.489126,10.229644,9.801996,-12.047667,-20.370901,-12.227064,-2.8568141,-9.859037,13.027295,-13.344954,-2.3940704,7.922881,-5.8928003,-27.000217,0.41876683,2.4369025,-3.3817623,1.1054378,3.7903743,-15.692256,21.702328,-6.2087197,-10.309986,5.395583,14.312358,-7.6356635,-0.8101331,2.431962,11.797921,0.18834542,-6.8723793,-7.6464663,-5.0488157,4.1836557,12.628714,12.195415,-6.139535,22.075357,1.1029066,-2.5537524,-6.0826354,-14.33322,-11.046919,4.3279557,0.0054011736,-23.009468,2.056272,-12.322813,8.856007,-1.496281,-9.996555,-1.7871376,15.953143,-0.68527955,-8.809467,3.5401,-20.695713,-16.500156,6.201583,-7.3250594,25.343376,6.456155,-4.6654353,-11.89569,13.518568,-9.591688,-3.127006,10.843189,-7.209958,8.976232,7.3115625,-25.66067,-7.625421,29.329489,-5.9088883,-10.333625,15.210707,-0.8094474,10.038279,10.394625,10.979204,-10.41232,-1.7391374,-1.5621046,4.869333,-10.578848,6.099765,-3.0224967,-5.104662,12.619962,-3.0197864,9.050575,-1.2793769,7.3358374,-4.5524616,2.5219965,13.707499,-5.7230883,-0.019818544,0.51928604,6.274668,6.852056,2.8927073,2.0031133,-0.28018373,0.4595994,-13.2769575,-19.466446,6.9682975,-4.6001763,2.1497505,0.020325458,5.0226173,11.916439,-6.225016,9.484266,-3.5111446,9.026136,0.10442464,-27.558315,-3.7198596,-13.792264,-4.1700406,-13.432057,4.326129,12.231359,-6.2063456,-10.997063,16.054653,-25.34682,-1.897934,-0.22082707,2.845307,-11.577763,-14.303108,12.55298,-4.767827,12.160781,10.086987
1.6332324,-2.1132994,14.716456,-24.381079,-12.0024605,-9.23612,-0.67239714,-3.5242066,-3.7451196,0.7123299,2.021542,-0.98299265,13.273745,5.2044535,-4.4390945,-14.201263,-0.9004383,8.340324,-6.7405167,-2.623798,14.157313,0.08900585,9.164858,-10.018696,15.760834,-2.6639113,10.2382,3.0537953,0.9303869,-9.067367,-0.7116019,-6.9653587,-6.5445495,14.773233,-6.587199,23.316936,7.6657577,-4.196917,-3.4066296,11.87831,-5.8797445,-32.14441,11.717018,6.84999,8.776161,9.2271595,-12.0862665,19.940025,-14.191513,5.7960024,-1.0882486,-10.358072,12.654897,-6.144475,14.371427,-7.218938,-2.392311,-13.872098,1.4908125,-26.655817,12.836927,-21.94698,17.374737,13.4754305,-2.561319,-17.030735,7.477542,17.316544,6.076251,5.443128,6.3330956,2.8660111,8.291843,-6.7113748,-12.388455,-20.461153,18.675695,-1.2795281,-6.845366,-11.515741,-8.161345,11.692139,6.960172,-4.1234727,-3.1338627,-15.476461,-13.85041,-14.124609,-13.015434,-5.556454,3.9288642,-14.0582905,14.656598,1.0865241,5.7178774,10.534607,4.923753,12.904553,-7.3118567,2.7689006,1.0920256,19.270329,-9.964862,9.9970875,-10.5302,-20.618967,-4.763544,9.217826,-4.687047,-0.5553958,-8.372137,7.5873847,10.05541,-5.1921215,7.6602645,-10.512791,24.494823,4.301031,6.0091085,-14.94906,8.210997,-2.3193,30.77422,-8.043617,-0.25298014,-7.3639655,-0.019536113,-10.845351,0.23787594,-9.152136,-16.625156,-2.7862847,4.003411,0.8267044,6.227145,4.4154835,-0.56658906,-10.108679,-12.372166,-10.131849,10.838713,3.1796312,-4.7459135,-9.910236,-11.924272,-9.948809,9.7832,9.322892,0.37126663,-8.689997,-12.20287,2.2044082,2.172386,-2.3940272,3.3130832,12.848944,-9.127192,18.303928,-13.464851,7.3820357,4.0974627,-3.0822463,11.810352,-2.9059992,-7.1251707,-3.5558014,-2.8253303,-2.1700702,-4.262382,-16.832811,4.838912,-3.6593697,7.7263093,7.322974,29.052713,-7.780472,-4.1923,-17.431017,10.062034,9.037333,-5.430171,-16.753454,-10.081501,-30.089115,-4.019941,-9.454231,-7.873416,-0.6507942,19.636986,-7.3683915,-2.4013531,-7.36041,6.9293566,2.29388,-0.16338092,-7.8800063,23.348886,-6.056739,-5.282567,19.340326,5.607337,6.371112,-7.8243628,11.887843,2.916113,-10.720365,0.00656929,2.200504,7.9879,12.160616,0.3319947,-6.345992,2.1636355,0.37347582,-7.2880163,18.619806,-13.619333,11.545296,0.23726901,1.1516699,9.500601,16.14098,-10.658176,-7.822554,7.043359,1.6175432,-1.8271949,7.1740394,5.0164223,-4.370724,9.971065,6.050026,-2.7884212,-4.8712597,-5.282962,-0.9028436,2.6263232,-0.7207509,-9.476794,-3.1223261,-13.958708,-6.012544,-12.39954,3.3622334,-17.321306,9.604418,12.098892,15.849405,-0.5224676,-0.86949664,-19.801367,10.961544,-6.2217703,17.405338,-10.1860485,4.2410545
-12.536097,4.903306,-2.734772,14.516894,12.022443,-3.3407097,-8.318865,-13.553019,-1.1496133,12.862485,-13.532857,-0.1699971,-10.171412,-8.128333,-4.359382,-7.0986414,-5.4202914,-4.805394,7.6247787,3.9809463,-15.609014,6.485775,-22.602718,-1.6529745,3.450892,-4.512413,6.785993,2.2044501,21.015755,15.252284,2.131268,-7.1269164,15.1286955,-13.510989,7.8657722,-7.000936,-1.2955163,-6.02357,15.194284,11.202311,1.5111492,5.265015,-2.147983,2.0968604,-3.2729506,10.448387,12.553465,-0.94428873,-1.6930401,-5.45615,-2.272658,-8.757923,-14.815328,12.919329,4.5554647,-1.5681677,-11.530664,25.537027,2.1648383,18.308105,2.8483725,20.12666,-4.705441,2.3100133,15.058322,-4.29719,12.927257,-10.264891,7.601088,2.3518791,-9.228598,-7.023843,-10.180169,14.546002,-5.5851555,12.859433,-22.459412,-2.706572,-1.0676768,-11.309349,6.1879225,1.7746599,-14.803131,2.230184,2.4556732,-1.5458474,2.269651,-1.3018415,9.686766,-23.95387,15.51886,-18.928057,-3.8040423,-6.5350137,2.3992853,-16.673603,14.017059,12.739742,5.0938997,-3.617839,13.847735,6.146756,10.602115,10.795551,-20.406023,8.699526,1.9772459,-6.586437,-13.441297,-11.491494,0.22697052,-14.569872,0.1143198,5.230145,4.586275,14.942986,-8.076813,-1.0006129,1.9716551,2.183771,6.6122236,17.938007,-12.776674,11.288822,1.3718153,10.758336,-17.921528,-6.1614604,7.042264,-1.53064,7.787366,21.501583,-0.9941038,9.288009,-7.9166512,2.5525455,-16.8456,1.7247225,26.19608,-1.7579262,1.6839907,-8.630427,20.283792,13.365585,1.9310249,-1.8734423,18.896622,8.982542,0.19341414,7.0782614,-3.4467177,-8.978907,9.976357,3.967732,-3.1157694,-10.681326,-12.434771,11.45898,-0.26823452,-0.13627945,-11.064192,3.4514155,21.179937,-4.513008,2.4751096,-4.7919083,0.6584603,24.037645,-0.37454227,3.9023094,-4.110818,-7.69974,-13.860944,16.827417,-21.20771,-0.26533976,3.1266713,10.401316,-20.774502,-20.784489,-0.5090126,4.25492,5.287338,14.734487,-5.973882,-29.994717,2.980074,-3.7694175,-5.1261673,3.7354343,14.566214,12.31652,-2.9394069,-6.9059362,18.039536,15.248095,-12.252393,-21.776865,9.616602,8.743784,-5.6765127,14.793655,2.5828128,-8.716751,5.7406583,-5.8031535,5.6664147,-12.239314,2.8794098,-6.242049,-5.945101,11.617468,-3.5053687,12.564474,4.0575743,-0.2143971,10.493761,17.761429,4.169524,-1.1868064,-9.735934,10.516258,-16.468601,14.650432,1.8778174,-2.4332738,17.10472,15.635737,-16.13915,-12.31118,-7.4810195,-7.7632422,9.905141,3.5455709,2.6038976,-3.1353345,11.026627,-2.6646914,11.767848,10.369027,-4.807726,25.501451,-13.635333,3.862405,-15.966672,1.8873049,2.638311,-13.714314,2.762629,14.801244,7.3878603,-6.929934,-5.579675,-1.8019142,-3.8938591,7.352647
13.48276,-6.789646,-2.7632985,3.8764024,15.946643,-1.7987804,0.14893922,-4.4355497,17.732956,11.381434,-5.7435575,6.9779267,-13.266573,-10.186498,7.6366196,17.64018,-23.157711,20.655758,1.9190891,13.028212,-8.546751,1.7637526,7.5082107,1.6170403,14.514624,-3.8889394,-10.645044,3.94948,18.950827,-1.2538217,12.361049,16.416248,-4.872838,10.984843,8.90881,-23.085901,-13.906073,-5.733835,-9.087633,-10.257307,10.325769,5.7768297,-4.0821958,-2.5625746,-12.084803,-24.698824,-13.023001,2.8033104,1.6410427,0.6305084,-13.934225,15.669652,-7.2972183,-8.397244,-11.589144,-7.956668,-2.2281365,16.828777,7.3068604,3.1789775,-6.907347,9.119536,8.140244,-0.74331915,14.274968,2.7295735,10.178358,-7.093708,7.6738267,-6.1392927,6.6508646,16.512663,-5.4602456,-11.734147,10.194807,-1.0142715,-6.1660757,-0.9273977,-3.9861588,9.300241,8.743174,7.0246544,-27.713333,1.5292382,-13.143428,20.434534,5.1421733,13.641362,-11.0769415,5.59674,0.6807898,-3.603553,3.0361714,-12.648878,-10.458682,-23.432972,-8.129915,8.351194,18.644882,-2.845964,-6.30882,18.891424,-23.153507,8.766571,0.7048634,5.916419,12.200017,19.840424,-4.7935905,3.372144,-4.757716,-2.907889,-1.6672558,13.143857,-6.3417573,-10.455592,6.0549145,4.634255,0.5430531,-14.711456,-0.87170756,-1.9966786,-1.8888409,-15.090137,5.2724915,5.5686893,-11.996426,-16.27103,-9.732899,1.8904021,10.689161,-20.547802,0.3041432,3.4448323,-0.77609766,-3.2032928,-7.457601,2.0064163,6.360043,0.31317478,-10.473401,-1.4274668,17.60922,7.611928,-1.6641439,-7.7317247,6.265897,-7.3075876,-7.2798486,5.3618584,23.72726,-7.516242,1.7742745,21.344507,-8.961866,-3.9163685,9.972255,3.399585,-3.2008374,0.8777512,-14.655368,-2.3090534,9.879309,10.980404,-0.5349437,3.2360275,2.6267416,7.5626717,-14.88367,8.435551,12.594851,-16.743212,-16.725254,-5.3924074,-4.9308286,6.4236517,-15.634537,12.891623,3.2999241,-1.3232951,2.2784238,-2.5408583,17.989471,14.65341,9.567698,5.652537,2.0646966,-8.779085,-8.565039,-7.9544563,11.640601,1.8231331,15.6302395,9.105523,-3.8716693,-4.886362,-2.3471456,-5.194312,5.2663236,-2.0831082,5.8845925,6.925411,4.8466787,-7.6963754,16.390966,-1.1058881,-13.807535,3.3930993,1.1318471,-21.529684,-18.199017,-0.53708714,-1.4518253,20.943956,-4.614687,8.653056,-5.5929337,-15.424774,-26.15333,-3.4563968,0.7297475,-9.234304,-2.9816482,10.083543,10.567036,-7.1407485,-18.263586,-13.524294,-10.037603,15.859202,6.6859636,8.442682,-7.9970293,-6.9288282,-1.6914265,6.175462,10.996468,9.939289,-19.015799,12.334501,12.167849,0.6550207,17.940931,1.4562986,3.3259518,19.766464,8.319244,-5.1715403,8.000025,7.3843102,7.271109,5.3885007,0.007917252,-21.943016,0.11189254,1.1712468
-10.477168,-24.01259,0.82714987,-12.472285,3.8911643,-7.6908836,-28.14039,1.0142051,27.43365,-4.744381,-8.580043,9.264425,-17.645649,9.901674,-0.34177837,-3.0726917,-14.176216,-7.260394,7.2837615,24.130383,5.7935543,5.833115,17.695614,-15.865198,2.3297343,-8.565698,-4.9470983,12.268107,-15.760173,-7.660632,21.619686,2.2248893,-17.30037,-0.7021114,-3.004177,-4.436926,-12.386805,22.27116,-31.107428,-0.12267579,9.484748,7.5027795,-12.3731365,2.48669,-14.858625,-1.0361943,-12.751579,9.206148,3.3107228,-7.3316665,2.3666527,-0.91716874,7.0722647,-13.606386,5.2187157,22.947598,-10.720156,-11.373125,-6.336434,-7.2777724,-3.6030407,-11.046539,-2.6141582,-18.961824,-4.5108566,-4.5886245,18.955088,2.3407607,9.731985,-18.16049,-2.0110557,-15.03799,-12.901141,-6.3792434,-13.836729,-19.008394,3.3847625,8.704473,-19.187645,-9.654753,-13.578087,14.905787,-3.9291046,-5.773198,-8.935724,-9.0942545,-5.025466,0.72707134,6.861042,14.424098,-0.20994726,7.808529,4.867182,-9.37732,17.7786,-17.776955,-10.436537,-9.082178,11.58935,-8.330706,23.365253,1.1953309,-1.1790384,21.76106,18.60178,16.69441,9.617662,8.535869,9.410043,-1.5591712,5.3525457,-11.65627,-4.579512,-0.62354994,12.080704,3.5594525,-2.9925437,4.7619696,8.318073,-10.5762,5.3815866,-0.61284006,23.341228,-9.350559,5.9194345,-14.457707,13.329239,-17.767805,-3.7083862,5.19723,14.554669,0.5120713,11.919099,-17.622389,6.971537,2.6446218,1.9851444,-15.974442,-9.033593,-5.7585855,-10.721787,-16.850792,1.9035002,-0.31158727,-12.4242525,-9.795712,5.3735304,14.650728,1.5064127,-0.39626992,-3.746387,-6.333288,-15.858702,-0.2862812,-30.653921,-2.4613562,14.958967,3.7708256,10.066661,0.3948397,1.6399037,7.759791,16.313213,-15.432759,4.5615797,15.920507,22.744549,9.700119,-0.10876439,-5.019442,-3.1066554,-0.13579087,-7.0624695,-9.42182,24.79876,-4.937189,1.4901145,5.9994097,5.9289804,-9.398174,-8.759976,-9.253527,9.391935,6.299578,15.743344,2.5012317,-6.150415,-5.6588717,8.282229,-3.405965,6.98536,9.864058,-8.3525,0.44793457,-0.17110613,-22.35123,-4.773068,-0.094690844,-7.8052263,10.937635,-16.937893,-5.962534,-7.662595,-10.077108,-6.0264945,12.961622,-9.412903,10.269337,-15.885157,-0.08993329,6.742799,-2.5184739,-15.857796,3.9375367,-14.072836,15.342855,17.401646,-5.2767415,1.3970566,-11.143354,11.478344,2.0981243,-9.967762,9.164952,-9.836344,-1.4361454,-10.967143,-12.21762,-11.001424,-0.5181584,-13.263205,15.528679,-2.3695776,-8.428154,13.804499,8.761988,23.460518,-10.482401,7.2941613,17.1282,0.13780352,12.557109,11.267313,1.6927195,5.5296125,-6.2919335,10.660312,-1.9991376,2.6062398,-20.762465,0.90865153,24.700674,-0.9922466,-0.3784375,-4.604232,-0.18291469
9.419306,0.23574367,27.195576,0.0017406226,23.433865,-13.259806,-10.966017,-14.765012,-6.9755616,16.688623,9.877818,10.161375,-17.169353,8.902289,-1.1162168,-9.851892,-9.600796,13.365309,1.7162148,-2.0905476,-17.65786,18.724606,1.5388731,-3.8502336,2.792263,-0.64885604,0.20273097,23.29877,-0.55359674,-2.1666527,0.3003126,-9.898439,0.93562734,6.728839,18.715843,2.9252648,3.5212197,-4.0093546,-5.216553,2.0731688,-3.9937744,9.175425,-15.065997,-7.2903075,-5.383789,16.254938,-1.7601233,2.4898043,5.869094,-11.645297,-2.3466496,17.575201,-8.824839,14.301877,6.401269,-8.473688,17.288277,1.2561613,-6.672577,9.877924,-2.4921823,4.6402283,14.880488,-19.67249,11.482595,4.9644566,-1.8574953,-6.493327,3.1855776,6.517778,-4.4974585,4.7743707,22.055733,-5.812243,-4.373052,-9.5211315,-0.025503064,-14.449738,15.197395,-0.12652633,-13.343312,-17.576965,-9.607349,10.060358,16.647667,-14.5554905,2.8463428,-5.5599766,4.382027,-1.8553956,-22.685724,-12.041166,2.8312297,17.065756,15.570828,-1.4285645,15.085007,14.238642,6.7150164,-3.270356,-19.011072,-19.663635,7.9847097,0.0874547,2.115187,14.078171,13.475682,0.3100987,-4.063777,22.1676,1.1629951,-19.199812,-4.553139,18.00094,-12.489832,12.309764,-16.01085,-12.024249,12.471637,-10.751318,1.0841912,7.1272,-4.7774887,19.912798,1.3449192,0.21545658,21.498365,-9.753217,3.0170796,4.941039,23.960882,7.1107802,-15.475665,-8.647099,14.830066,-5.941215,2.701612,4.7727914,12.124834,-12.803709,-16.757063,-0.08999224,8.377918,9.9890785,-5.225583,-5.5931525,-1.0437596,3.964939,0.1367293,11.864122,3.0821764,7.114604,-2.1406257,0.7615987,-6.780693,-16.062822,-1.0038674,-7.986712,9.525436,11.136446,7.0990853,-10.9196415,-15.223608,-6.0652285,9.171375,1.2332275,5.0575743,5.3833976,8.201533,-18.690847,10.670023,11.574501,13.005046,21.05318,-6.9317994,-7.9031997,-11.712355,-10.136106,-3.678325,-12.952222,1.3178589,-11.557688,3.196432,12.972058,8.903589,11.3021345,18.189436,6.712228,5.6185827,22.162182,-16.465744,1.1684788,-10.025686,11.887095,-5.165129,-1.867144,3.2911305,-12.043274,-12.626774,-4.038497,15.398929,0.05155903,5.1351647,-16.527935,17.90046,5.6108837,-8.659586,-3.226405,-27.059805,-6.197053,-5.869363,11.588573,-4.8645415,-4.165202,17.869762,-5.9573793,1.7895279,7.8640985,15.571985,-25.588764,-13.230085,-4.0971,6.385157,25.961792,9.798613,-12.504362,-4.162645,-28.377325,-1.1763933,10.21035,13.802696,4.669374,-13.433153,3.173863,-1.4952967,3.357798,16.597645,-5.819209,9.407546,10.18957,-8.178444,10.25606,0.03928876,2.5569265,11.357738,-2.171423,14.810025,-12.410955,9.047134,9.681002,17.100672,8.002196,-12.280807,-6.096601,-0.8515419,1.6897911
